血糖,22
属于,195
什么,735
科,9
糖尿病,11
专科,2
现在,72
刚设,1
的,3995
在,582
过去,3
确实,4
属,10
内科,4
中,334
内分泌科,4
大多数,3
医院,2
都,83
特地,1
设,2
目的,4
是,2654
方便,2
就医,2
如,39
没有,33
就,91
到,94
连,2
也,99
打,12
分类,4
方面,7
毫无疑问,2
当然,10
不,87
排除,2
由于,11
并发症,1
而,53
需要,18
外科,1
治疗,2
情况,18
糖尿病足,1
等等,1
实际上,2
应当,1
以,36
2,78
型,4
为主,2
多好,1
发于,1
中老年人,1
因此,20
有,291
尚且,1
设置,22
老年病,1
科来,1
朱允文,14
父亲,15
建文帝,1
叫,253
朱元璋,3
皇,5
长孙,1
他,105
就是,79
大儿子,1
那个,86
短命,1
太子,4
朱标,4
14,9
岁,24
时,52
e,156
患有,2
重病,2
身上,7
有个,22
大,70
肉瘤,2
苦不堪言,2
尽心,1
伺候,1
日夜,1
守,1
身边,2
去世,2
后,74
将,65
三个,3
年幼,1
弟弟,2
接到,1
一起,22
对,73
他们,11
饮食起居,1
照顾,2
得,13
十分,3
周到,1
并,36
让,12
觉得,2
孤独,1
保时捷,21
产于,14
哪个,417
国家,237
汽车,5
公司,27
于,94
1930,2
年,437
由,90
费迪南德,2
波尔舍,2
教授,5
创建,18
与,130
德国,10
南部,10
工业,16
重镇,2
斯图加特,3
正式,5
成立,47
当时,33
专门从事,2
豪华,2
跑车,5
生产,15
装配,2
大都,2
靠,16
手工操作,1
来,32
完成,10
整个,3
过程,4
使用,14
一台,2
自动装置,1
历史,43
可追溯,1
至,11
1900,3
第一部,19
为名,1
lohner,1
porsche,1
登场,2
造成,3
轰动,1
答,155
控股,1
有限公司,5
创立,6
1947,2
公司总部,1
原在,1
奥地利,2
吉梦德,1
第一辆,3
即,39
诞生,6
此,4
两年,2
集团,5
总部,28
迁至,1
萨尔斯堡,1
建立,17
了,308
基地,5
我国,153
预计,13
2003,14
年初,12
建成,17
磁悬浮列车,14
哪里,73
落户,12
1,117
月,152
日,84
第一列,1
上海,32
试运行,1
最高,34
时速,1
可达,4
400,2
千米,3
以上,11
国际奥委会,37
最初,24
地方,36
巴黎,7
国际奥林匹克委员会,3
internationalolympiccommittee,2
ioc,2
1894,2
6,39
23,2
共有,7
49,1
个,93
体育,12
组织,5
和,359
12,24
79,1
名,30
代表,13
参加,32
举行,40
大会,3
加,1
设在,5
瑞士,14
洛桑,2
简称,27
相当,2
一段时间,1
内,18
顾拜旦,1
住所,1
注册,14
支付宝,11
必须,14
用到,9
证件号码,17
吗,32
只,13
帐号,2
不用,2
填写,1
直接,3
邮箱,3
验证,1
激活,1
就行了,1
但是,20
你,147
用,42
时候,10
支付,1
或是,2
开店,1
填,1
身份证号,3
确定,5
名字,92
要,35
匹配,1
账号,1
电话号码,2
或,31
然后,9
他会,1
发短信,1
该,28
所,58
绑定,1
确认,1
淘宝,2
买家,5
身份证,5
手机,40
即可,1
才,28
开花,19
不长,6
叶长,6
叶,10
花,28
曼珠,1
沙华,1
又名,9
彼岸花,2
Lycorisradiata,1
多年生,1
草本植物,1
地下,5
球形,1
鳞茎,1
外,5
包,2
暗褐色,2
膜质,1
鳞,1
被,78
带状,1
较窄,2
色,6
深绿,1
自,8
基部,3
抽生,1
发,2
秋初,1
落,3
夏末,1
花期,4
夏末秋,1
初,4
约,16
从,34
7,29
木棉花,1
先,2
后长,1
它,56
像,16
开,30
不见,3
准备,1
过,28
开始,25
长叶,1
前期,1
整棵树,1
特别,15
漂亮,4
两个,28
男人,9
坐在,9
石头,10
上,310
成语,68
一石二鸟,2
仙剑,22
奇侠传,21
唐珏,16
小宝,21
扮演者,73
真,18
名叫,41
真名,1
彭于,8
晏,6
台湾人,1
还,27
曾,13
合作,4
胡歌,3
李逍遥,1
唐钰,3
出,31
生于,16
台湾,44
金马奖,1
最佳,4
新,28
演员,17
一,57
里面,17
唐玉,2
选,1
我,128
吧,27
出自,16
少年,23
杨家将,1
胡歌演,11
杨六郎,1
晏演,2
杨七郎,1
中有,3
电视剧,40
中国台湾,3
男演员,3
tsn,8
机场,17
TSN,2
三,16
字码,1
天津,7
滨海,5
国际,34
免,1
15,20
公斤,3
以下,4
行李,2
可以,80
托运,1
超过,7
56,2
公分,3
x,14
36,1
大小,3
飞机,24
允许,3
带,7
一件,2
北京,49
首都国际机场,1
pek,1
bjs,1
南苑,1
nay,1
上海浦东国际机场,1
pvg,1
虹桥,1
sha,1
重庆,3
重庆江北国际机场,1
ckg,1
万州,1
五桥,1
wxn,1
地理位置,3
位于,114
中国,228
英文,17
全称,13
Tianjin,1
Binhai,1
International,2
IATA,1
三字,1
代码,2
ICAO,1
四字,1
ZBTJ,1
爱到,1
哪,186
网位,1
您,15
提供,13
航班时刻,1
查询,3
包括,9
自白书,6
谁,493
写,37
陈然,2
任,17
脚下,1
响,1
着,30
沉重,1
铁镣,1
把,23
皮鞭,1
举得,1
高高,1
自白,1
哪怕,1
胸口,1
血,1
刺刀,1
人,161
不能,6
低下,1
高贵,3
头,5
只有,22
怕死鬼,1
乞求,1
自由,8
白公馆,1
烈士,1
蓝天,2
顶,2
峰,2
新浪,2
博客,2
诸葛亮,12
挥泪,11
斩马谡,11
为,212
一事,11
是因为,9
失街亭,1
泰迪长,7
几个,40
定型,8
您好,5
狗狗,4
通常,36
七八个,1
左右,7
体型,1
稳定,2
八个,2
泰迪,1
小时候,9
去,23
宠物店,1
修次,1
胎毛,1
之后,10
长,6
出来,15
毛,2
会,20
好,28
一般,39
买,6
海藻,1
粉,1
给,15
吃,17
或者,5
每天,2
喂个,1
蛋黄,2
美毛,1
蛋白,2
不要,3
喂,1
不好,4
消化,1
塔,12
教,10
标志,26
建筑,17
佛教,52
圣地,3
标志性,5
菩提,1
主要,41
佛塔,7
饰物,1
佛珠,1
佛像,1
龙珠,7
日本,15
DRAGON,1
BALL,1
译名,1
七龙珠,1
著名,85
漫画家,1
鸟山明,1
得意,1
作品,19
vivoy51,8
哪年,8
步步高,4
y51,2
上市,5
时间,52
2015,10
月初,2
vivo,14
11,24
月份,13
了解,5
一下,23
RAM,1
2GBROM,1
16GB,1
wordpress,13
编码,14
那,25
我们,20
能,13
支持,4
中文,18
形式,5
utf,1
8,29
gbk,1
世界,259
最早,37
发行,84
金属,19
邮票,62
匈牙利,13
纪念,14
本国,10
制铝,8
50,7
周年,15
1955,8
25,5
轻金属,2
产业,5
会议,12
召开,5
一种,115
铝箔,8
航空,16
厚,2
0.009,1
毫米,2
纯度,2
达,21
99.5%,1
面值,2
5,24
福林,1
图案,10
飞越,1
制,3
铝厂,1
其实,2
这,65
已经,15
范畴,1
工艺品,1
收藏,2
价值,6
不高,1
二十五,6
掠过,5
冶金,6
工业区,5
这是,9
分为,14
有齿,1
版,7
无齿,2
为了,15
其,50
邮政,66
一套,2
该种,1
分有,1
齿,1
版本,5
两种,4
南通,8
省,96
江苏,5
江苏省,4
喔,2
嘻嘻,1
望,6
采纳,18
老舍,30
民族,21
中文名,5
舒庆春,8
别名,9
国籍,6
满族,8
正,6
红旗,2
出生地,7
出生日期,4
1899,6
逝世,3
日期,4
1966,6
职业,5
作家,13
成就,7
发表,1
大量,6
影响,35
后人,8
文学作品,7
代表作品,5
骆驼,8
祥子,8
四世同堂,2
小说家,2
剧作家,5
卒,2
祖籍,4
最,60
常用,2
笔名,1
资料,10
原名,17
人民,29
艺术家,6
蒙面,9
歌王,9
张玮唱,7
吻别,7
一期,7
麦兜,2
猪,3
正在,6
直播,3
苏打,2
绿,8
小,52
情歌,3
现场,5
张玮,2
蝶,2
第一季,3
第六期,2
专辑,34
歌手,37
00,4
01,5
山楂树,12
之恋,12
女主角,30
剧中,5
静秋,3
本名,4
周,18
冬雨,5
河北,6
石家庄,4
十二,3
高三,1
学生,6
1992,3
谋女郎,2
河北省,18
石家庄市,8
目前,15
2010,3
中高二,1
3,64
主修,1
舞蹈,4
新生代,1
电影演员,1
现就读,1
北京电影学院,2
表演系,2
2011,12
级,15
本科班,1
成为,20
新一代,1
张艺谋,2
导演,10
电影,33
出演,7
一举成名,1
凭借,3
该片,1
获,1
第十四届,1
华表奖,1
新人,1
女演员,4
奖,1
介绍,11
新片,1
罗马,30
斗兽场,9
古罗马,9
文明,26
象征,24
现代,34
兽场,1
说,83
乃至,2
意大利,16
Italy,1
意大利共和国,1
一个,147
欧洲,36
南欧,1
亚平宁半岛,1
及,21
地中海,6
岛屿,18
西西里岛,1
萨丁岛,1
组成,7
国土面积,1
301333,1
平方公里,19
人口,27
6002,1
万,7
北方,7
阿尔卑斯山,1
地区,38
法国,27
以及,10
斯洛文,1
家乐福,11
超市,6
具体,3
如下,2
1959,1
卖场,1
业态,1
首创者,1
第一,13
零售商,1
第二,3
国际化,1
零售,2
连锁,1
现,5
拥有,8
000,1
多家,1
营运,2
单位,3
业务范围,1
遍及,1
Carrefour,2
法语,1
意思,10
十字路口,2
因为,25
1963,2
起,6
第一家,1
某地,1
旁,3
该店,1
亦,4
全球,10
面积,43
最小,1
分店,1
不是,59
应,7
外商独资,1
500,1
强,1
排名,3
22,5
乌鲁木齐,8
省份,12
省级,5
行政区,4
新疆维吾尔自治区,4
全名,11
乌鲁木齐市,1
新疆,3
首府,3
北京市,6
Beijing,1
京,1
中华人民共和国,3
首都,68
直辖市,5
中心,38
城市,67
超大,1
全国,18
政治,26
文化,29
国际交往,1
科技,4
创新,1
中国共产党中央委员会,1
中华人民共和国中央人民政府,1
全国人民代表大会,10
办公,1
所在地,1
维吾儿,1
自治区,3
苏州高新区,9
区,63
苏州,7
沧浪区,1
平江区,1
金阊区,1
虎丘区,2
吴中区,1
相城区,1
热心,3
网友,10
高新技术,1
开发区,1
本来,2
管辖,4
文山,9
云南省,4
文山壮族苗族自治州,1
东南部,4
东邻,23
广西,3
百色地区,1
西连,1
红河州,1
北接,2
曲靖,1
麻栗坡,1
马关,1
富宁,1
县,15
越南,7
河江省,1
接壤,7
楚图南,2
其他,15
不知,1
还有,14
红人,1
1994,6
云南,3
曾任,1
暨南大学,1
云南大学,1
法学院,1
历任,2
北京师大,1
西南,5
文教,1
委员会,2
主任,2
对外,1
协会会长,1
民盟中央,1
代主席,1
等,55
职,1
花草,14
草兰,15
山兰,15
朵朵,15
香,17
一茎,15
朵,15
朵花,15
芳香,15
咱们,14
种花,14
春兰,1
c,6
goeringii,1
又称,33
可惜,17
歌名,2
梁静茹,4
歌曲,27
丝路,1
通往,1
爱,26
路途,1
作曲,12
曹轩宾,2
填词,2
李焯,1
雄,2
编曲,1
陈飞午,1
网络,6
知道,42
但,26
首歌,10
前面,4
找,3
看看,1
是不是,2
这个,24
月光,7
月光如水,3
如洗,1
拼音,3
yu,1
gu,1
ng,2
r,2
shu,1
皎洁,2
柔和,1
如同,1
闪光,1
缓缓,1
流动,1
清水,1
形容,7
月色,1
美好,4
夜晚,2
出处,3
唐,11
赵嘏,1
江楼,2
感旧,1
诗,7
独上,1
思,3
渺然,1
水如,1
金庸,18
最后,24
一部,12
武侠小说,10
哪一部,8
鹿鼎记,1
作出,2
尝试,1
小说,8
失败,2
创出,1
新路子,1
所以,39
封笔,1
与其说是,1
不愿,2
再,5
毋宁,1
无法,3
摆脱,1
特有,3
这种,11
过于,1
单调,1
思维,1
方式,8
结果,7
秒表,9
走,9
一圈,7
多少,73
秒,9
大针,1
30,8
小针,1
一格,1
分钟,15
机械,3
表盘,1
外面,1
秒针,1
分针,1
量程,1
圈,4
自己,51
算,12
大圈,2
整圈,2
格,2
每个,17
一样,22
小圈,2
看大圈,1
一大,1
一分钟,1
设计,21
分度,1
值,2
答案,30
女史,9
箴图,9
东晋,11
哪位,47
著名画家,9
画,9
擅长,3
人物,51
画家,7
顾恺之,4
画卷,1
长三,1
四九,1
厘米,21
宽,4
绢,1
地,18
横幅,1
分九图,1
王羲之,2
王献之,1
书法家,3
女,3
卫夫人,2
生前,1
名望,1
已,33
远播,1
海内,1
拜在门下,1
学习,7
书法,2
其后,2
青出于蓝,1
馆藏,1
名画,1
传为,1
作,6
洛神赋,1
图,4
香菇,16
植物,23
菌类,3
皇后,22
香蕈,1
冬菇,1
生长,2
木材,2
真菌类,2
苹果,8
啊,53
低等植物,1
花蕈,1
香信,1
椎茸,1
冬,1
菰,1
厚菇,1
花菇,1
味道鲜美,1
香气,1
沁人,1
营养,4
丰富,4
素有,4
美誉,2
资阳市,6
资阳,5
名片,1
西部,7
车城,1
四川省,27
环境优美,1
示范,1
节能,1
之,84
绿色,30
三贤,1
故里,2
长寿,8
乡,8
四川,20
来说,7
线,5
日前,1
记者,1
有关,5
部门,1
获悉,1
成功,5
园林城市,2
赋予,1
生机,1
城市绿地,1
建设,2
评选,1
重要,11
标准,17
希望,12
玉米,11
产量,16
最多,39
出口量,2
美国,91
甘蔗,1
巴西,16
印度,5
古巴,19
蔗糖,1
多,23
大豆,1
出口,4
阿根廷,7
分布,3
平衡,1
按,6
三国,19
1991,4
终结者,13
男,14
主演,21
施瓦辛格,13
阿诺德,1
arnoldschwarzenegger,1
饰,7
t,2
800,3
型号,1
101,1
琳达,2
汉密尔顿,2
lindahamilton,1
sarahconnor,1
迈克尔,3
比恩,3
michaelbiehn,1
kylereese,1
theterminator,1
1984,2
詹姆斯,2
卡梅隆,1
阿诺,1
类型,36
动作,1
科幻,1
惊悚,1
制片,7
英国,27
语言,3
英语,9
西班牙语,3
上映,3
10,31
26,11
男主角,7
饰演,16
反派,2
机,1
杀,5
肖恩,1
康纳,1
母亲,38
角色,5
深入人心,1
第二部,2
改为,6
主角,7
真正,8
空调,16
发明者,12
国人,28
威利斯,3
开利,3
Willis,1
Haviland,1
Carrier,1
1876,1
1950,2
工程师,2
发明家,3
系统,5
创始人,4
因其,1
行业,7
巨大贡献,1
誉为,1
父,33
称为,30
制冷,2
之父,16
哈维兰,2
德,2
卡里尔,2
译作,1
1902,1
安装,1
孝感,16
大学,11
只要,4
省线,1
且,17
志愿,1
报,2
学院,9
应该,32
问题,16
哦,12
学校,7
艺术类,1
综合,4
成绩,1
专业,4
60%,1
40%,2
相加,1
高到,1
低,1
录取,3
还要,2
看,20
今天,5
多不多,1
孝感市,1
学府,6
二本,7
很,20
众所周知,1
传说,14
就象,1
家,27
宜宾,2
想,12
二级,4
基本,2
命名,2
特色,2
执念,2
深深,2
刘琦,2
旗下,2
品牌,33
主打,1
智能手机,4
做,13
不错,3
呢,10
如果,20
女生,1
的话,17
挺,2
像素,1
分辨率,4
高,30
专,1
充满活力,1
热爱生活,1
积极,5
乐观,2
追逐,1
梦想,5
群体,1
打造,2
精致,1
个性,3
潮流,2
卓越,1
外观,1
专业级,1
音质,1
享受,1
令人,2
惊喜,1
充满,3
乐趣,1
易用,1
用户,4
体验,1
帮助,7
ta,1
们,33
实现,3
生活,17
更,7
气候,10
南方,3
该省,2
青藏,1
亚热带,6
季风气候,4
高山,1
高原气候,1
四川盆地,2
秦岭,2
淮河,1
以南,1
特点,7
夏季,3
高温多雨,2
冬季,2
温和,2
少雨,1
常绿,1
阔叶林,1
植被,1
加上,2
湿润,1
四大发明,18
最为,36
久远,17
发展,24
作用,21
显著,17
造纸术,3
指南针,1
火药,1
印刷术,1
发明,68
人类,11
进程,1
伟大,19
贡献,4
传入,2
以后,15
社会,11
古代,45
纸,2
进步,3
正确,10
d,6
西汉,4
改进,1
东汉,3
蔡伦,1
蔡侯纸,1
地位,4
海贼王,11
里,95
罗,13
特拉,3
法尔加,3
外文,3
trafalgarlaw,2
名称,7
死亡,2
外科医生,2
配音,2
神谷,1
浩史,1
宋克军,1
生日,30
年龄,1
性别,1
身高,6
191cm,1
家乡,1
北海,2
原,6
悬赏,1
金,6
4,30
多拉,2
当家的,1
海贼,2
医生,2
挖走,1
100,5
心脏,1
献给,1
政府,6
海贼团,3
红心,2
身份,8
船长,1
赏金,1
亿,4
水浒传,19
著作,21
同时,4
许多,3
文学史,3
论述,2
著作权,2
归之于,1
施耐庵,3
一人,3
长期以来,2
作者,55
看法,2
人们,13
留下,3
极,2
深刻,3
印象,2
罗贯中,3
对于,5
关系,21
学术界,1
众说纷纭,1
一些,12
知名,2
专家,4
认为,9
至少,1
部分,4
张,11
娜拉,9
完整版,1
个人资料,3
大全,1
个人简历,2
姓名,5
韩国,6
1981,2
18,16
双鱼座,1
06,15
冠军杯,15
冠军,39
世界杯,47
巴塞罗那,5
今年,7
足球,23
锦标赛,2
欧洲杯,1
05,3
决赛,1
法国巴黎,1
进行,10
逆转,1
击败,1
阿森纳,2
夺得,3
坎贝尔,1
先入,1
一球,1
埃托奥,1
贝莱蒂,1
扳,1
两球,1
几千年,10
传统,21
孕育,10
奉献精神,10
儿子,23
描述,9
鞠躬尽瘁,1
死而后已,1
正好,1
准确,2
一生,7
邓稼先,3
中华民族,4
核武器,1
事业,2
修辞手法,1
比喻,4
拟人,1
救人一命,7
胜造,7
浮屠,17
指,77
建造,6
功德,3
很大,1
救,2
一条,8
性命,1
得到,5
胜过,1
七座,1
佛教徒,1
高僧,2
死后,2
供奉,4
舍利,1
七级,1
塔有,1
七层,2
道,12
待遇,1
三层,4
五层,1
不过,10
很少,2
音译,2
过来,1
第一次,36
进入,14
太空,10
动物,40
狗,22
1957,2
苏联,7
又,22
发射,2
第一颗,2
生物卫星,2
sputnik2,1
号,43
上面,6
小狗,3
莱伊,6
卡,6
没,9
记错,1
一只,1
前,36
查查,1
航天史,1
清楚,2
第一个,45
发射卫星,1
飞船,1
比,9
早,4
推荐,6
雌性,1
好像,3
鸡,19
黑猩猩,1
北宋,23
建国,10
时所定,10
京都,10
开封,12
都城,4
汴京,5
汴梁,18
东京,7
河南,13
国都,2
今,30
开封市,4
五代,1
共同,5
后周,1
强大,2
宋朝,3
奠基,1
基础,2
赵匡胤,1
国都定,1
赛尔,15
主题歌,12
一等,5
星,5
塞尔,1
第三季,4
每集,1
正片,1
播完,1
显示,4
主题曲,4
心灵,1
战场,1
第二季,1
seer,1
李俊,1
然,1
天梭,15
哪国,50
竭诚,1
解答,1
麻烦,1
亲,3
不吝,1
赐,1
好评,3
感激不尽,1
勇于创新,1
却,7
从未,1
忘记,1
血脉,1
档次,2
三类,2
表,1
比较,12
低档,1
表了,1
浪琴,1
广告,1
名气,1
而已,1
手表,3
众多,3
当中,2
天梭表,1
150,5
余年,2
制表,2
工艺,22
不断创新,1
精神,1
销量,1
名列前茅,1
业中,1
佼佼者,2
评论,5
已有,2
0,15
条,6
万表热,1
搜,2
赫,1
柏林,3
一家,7
1853,1
1983,1
加入,5
最大,165
制造商,1
分销商,1
斯沃琪,1
设立,3
力,1
洛克,1
Le,1
Locle,1
设有,1
服务,8
推广,1
机构,14
玉门市,17
甘肃省,12
市,62
河西走廊,3
2002,4
国务院,32
批准,6
酒泉,1
撤地,1
设市,3
酒泉市,1
代管,1
阳关,1
敦煌市,1
地名,1
白帝城,1
重庆市,1
奉节县,1
东,10
巴峡,1
湖北,2
巴东县,1
西,12
二十里,1
江自,1
巫山,1
入,2
巴东,1
为巴峡,1
发动机,17
种,11
活塞式,4
早期,3
直升机,3
应用,3
用于,5
带动,2
螺旋桨,2
旋翼,2
大型,2
功率,2
2500,1
千瓦,1
各,4
航空公司,1
燃料,3
两大类,1
汽油,2
喷气,1
分别,21
适用,1
不同,24
仍,5
广泛,2
轻型,1
超轻型,1
钢琴,10
一共,14
多少级,8
几级,7
音协,1
业余,2
中央音乐学院,4
考级,2
9,20
另外,4
表演,2
上海音乐学院,1
办,1
再有,1
全世界,5
承认,2
英国皇家,2
音乐学院,1
总共,10
十级,2
至于,4
每,4
一级,23
大约,3
学,6
考看,1
个人,7
主动,7
用心,1
每年,12
两级,1
必,1
每考,1
通过,28
曲目,3
这样,7
第一级,1
练习曲,2
对歌,1
旋律,1
第二级,1
二月,1
猎人,2
合唱,1
第三级,1
天真烂漫,1
浏阳河,1
永远,3
快,2
三点水,8
心,15
qin,2
沁人心脾,1
海螺,6
螃蟹,6
寄居蟹,4
拉丁,3
学名,4
Paguridae,2
英文名,9
Hermit,1
Crab,1
白,4
住房,3
干,5
住屋,2
因,15
非常,8
凶猛,1
螯,1
吃掉,1
软体动物,1
贝类,1
肉,1
霸占,2
其壳,1
为己,1
从不,1
交租,1
得名,3
叫做,16
以螺壳,1
寄体,1
寄居,2
螺体,1
直径,1
外形,2
介于,3
虾,1
蟹,1
之间,17
多数,2
螺壳,1
怪物,1
第一艘,10
核潜艇,10
层,16
冰层,10
下,49
穿越,11
北冰洋,20
冰冠,10
哪一年,39
维多利亚港,18
Victoria,1
Harbour,1
香港,8
香港岛,2
九龙半岛,1
港口,2
海域,4
东起,1
鲤鱼门,1
西面,1
海界,1
青衣,1
岛至,1
中间,4
尖,2
沙嘴,1
中环,1
夜景,2
无论,1
趟,1
仍会,1
她,62
绝色,1
风华,1
迷醉,1
世界各地,2
旅客,1
纷至,1
沓,1
地址,11
日间,1
蓝天白云,1
碧水,1
小船,1
万吨,1
巨轮,1
进出,1
海港,1
互不,1
干扰,1
便,10
更加,1
灯火,1
璀璨,1
缔造,1
东方之珠,1
壮丽,1
攻略,3
包含,3
门票,1
实用信息,1
真实,9
蜂蜂,1
亲历,2
点评,2
分享,5
维多利,1
茂名,15
石油,2
加工,7
水果,5
北运,1
菜,2
广东省,32
能源,1
原材料,1
重化工业,1
茂名市,3
较,4
地级市,9
全省,5
21,8
中排,1
第,29
位,5
农业,2
经济,14
比较发达,1
总产值,2
粮食,1
总产量,6
油料作物,1
猪肉,1
中均,1
排,1
第一位,3
地处,12
西南部,6
紧挨,1
湛江,1
新兴,2
国有,1
全市,5
陆地,4
总面积,9
11459,1
申奥,17
女儿,28
申军谊,6
据,8
寄托,1
能够,6
圆,1
奥斯卡,1
小金人,1
姓李,1
父母,2
小鸟,2
毕业,10
中戏,1
其父,1
大西南,1
剿匪,1
记,2
1989,2
弱弱,12
问,28
度娘,13
百度,33
老板,5
叫度娘,1
管理员,2
不怕,2
问度娘,1
用语,2
搜索,3
软件资源,1
27,6
新华社,7
发布,11
人民政协,5
项,5
决议案,5
定都,7
北平,11
改称,5
新闻稿,5
醒目,5
电头,5
金砖,9
五国,9
哪些,8
俄罗斯,14
南非,1
五个,4
Brazail,1
Russia,1
India,1
China,1
SouthAfrica,1
周润发,12
到底,14
详细资料,1
chowyun,1
fat,1
籍贯,2
广东,14
宝安,1
南丫岛,1
生肖,1
羊,3
星座,2
金牛座,1
180cm,1
喜欢,25
妈妈,6
运动,14
浅水,1
帆板,1
行,6
经历,2
1974,4
考入,2
无线电视,1
第三期,1
奥林匹克,15
起源于,25
希腊,17
雅典,8
奥运会,49
分,21
时期,34
第一届,10
伊菲,1
图斯,1
伯罗奔尼撒,1
统治者,1
公元前,43
776,3
举办,8
每隔,1
四年,4
一次,16
公元,34
394,1
皇帝,43
狄奥多,1
西一世,1
禁止,2
奥林匹克运动会,1
古希腊,2
1896,7
无论是,2
古,13
还是,16
日至,4
抗日战争,13
冀中平原,12
坚持,13
敌后,12
抗战,13
群众,12
南宁,9
南京,24
k1192,8
次列车,8
几点,8
K1192,2
次,10
火车,2
时刻表,1
始发站,1
终点站,1
快速,3
发车,1
08,5
到达,20
29,6
运行,12
天,27
03,5
里程,2
1840,1
公里,23
停靠,1
火车站,1
详细情况,1
见,4
马鞍山,1
点,5
16,5
车站,1
历时,3
39,8
硬座,1
12.5,1
结婚,16
四十五年,9
称,29
四十五,1
蓝宝石,1
婚,1
青玉婚,1
小城,12
大事,18
国语版,11
大城,4
歌词,11
在世界上,2
照片,3
吓,1
跳,2
么,4
脸,2
发现,18
无名指,3
长情,2
曲线,2
一段,2
感情,2
十年,3
http,10
www,6
jueku,1
com,10
play,1
49502,1
asp,1
吓一跳,1
那么,25
感谢,2
快乐,7
N,1
多人,1
XZ,1
国语,2
朋友,8
扫码,3
继续,3
优酷,2
APP,2
微信,2
观看,1
二维码,1
小时,26
有效,2
可,10
好友,2
立即,3
下载,5
请,23
根据,18
设备,6
选择,8
工作日,13
多久,8
除了,9
六日,1
节假日,1
以外,1
工作,10
二个,1
遇到,3
周六,1
周日,1
顺延,1
周一,2
周五,2
其中,15
两天,2
星期,2
第二个,2
闭服,1
封号,1
完美,12
所谓,4
为什么,3
人员,3
漏洞,1
玩家,4
承担,1
嘛,2
日子,1
哪天,7
咱,1
ppb14,1
下水,9
密度,11
一杯,1
水,35
一桶,1
物质,12
1.0,2
103,1
千克,2
米,24
合,2
克,6
意义,14
诗人,59
陆游,22
朝代,100
南宋,9
文学家,9
史学家,3
爱国,6
1125,4
1210,2
字务观,2
放翁,3
汉族,11
越州,2
山阴,2
绍兴,5
生逢,1
灭亡,1
之际,1
时即,1
深受,1
家庭,2
思想,9
熏陶,1
13,10
浙江,24
词人,1
现留,1
诗作,1
笔耕不辍,1
诗词,2
留世,1
很多,31
留诗,1
一位,4
时代,4
少数民族,2
政权,3
金国,1
频频,1
向,8
发动战争,1
积贫积弱,1
丧失,1
国土,2
被迫,1
不断,2
向南,3
迁移,2
战乱,1
动荡,1
之中,3
六一,20
居士,20
别号,14
欧阳修,6
关于,15
名号,1
63,1
那年,3
传,2
讲,3
明白,17
吾,3
字永叔,3
醉翁,3
晚号,3
吉州,2
永丰,1
今属,2
江西,2
自称,1
庐陵,3
原属,1
郡,1
諡号,1
文忠,1
人称,3
欧阳文忠,1
公,1
县人,1
生,9
於,4
宋真宗,1
景德,1
神宗,1
熙宁,1
五年,7
自言,1
集,12
古录,1
一千卷,1
藏书,1
一万卷,1
有琴,1
一张,2
棋,1
一局,1
酒一壶,1
一翁,1
老于,1
其间,1
故自号,1
1007,1
1072,1
政治家,12
唐宋八,1
大家,8
之一,46
中山,11
北,19
一路,10
虹口区,2
虹口,1
闸北区,1
1230,1
周武王,13
姬发,4
腰鼓舞,2
forte,8
车,23
起亚,5
福瑞迪,4
一款,4
入门级,1
紧凑,1
轿车,1
指导价,1
9.88,1
13.48,1
日产,9
蓝鸟,3
国内,8
跑,3
轩逸,2
车上,11
标示,1
别克君威,2
福特,2
福克斯,2
叫轩,1
逸,3
市场,15
FORTE,1
东风,6
悦达起亚,1
韩系,1
紧凑型,1
三厢车,3
太平洋,50
汽车网,1
Forte,2
频道,3
报价,1
图片,2
参数,1
配置,1
试驾,1
评测,1
信息,8
火岸,6
目写,6
隔岸观火,2
首发,1
命中,1
谢谢,1
尼桑,12
骊威,15
产地,14
工厂,2
广州,4
花都,2
骐达,1
颐达,1
骏逸,1
逍客,1
奇骏,1
生产厂,1
广州市,1
花都区,1
不止,1
所有,13
车型,1
那里,2
厂家,1
郑州,2
毛泽东,17
哪一天,6
署名,1
孙国林,1
文章,6
过生日,1
轶闻,1
趣事,1
透露,1
有时,1
一天,10
邀请,1
聚一聚,1
餐桌上,1
摆,2
简单,5
红,5
白酒,1
人聊,1
一聊,1
1964,3
71,2
出乎,3
意料,2
破天荒,2
地要,2
请客,2
平生,2
公开,6
宴会,4
主题,3
招待,2
劳模,2
无疑,3
饱含,2
著,20
劳动,5
深厚,5
情谊,2
张飞,14
无,23
事,19
吴氏,7
生非,5
飞,6
无事,1
爸,1
自然,12
姓张,1
词,5
妈,1
姓,15
吴,4
无从,1
考证,1
既,3
纪,1
生瑜何,1
何,2
生亮,1
周瑜,2
姓纪,1
孔明,1
洋,10
亚洲,17
大洋洲,4
美洲,5
南极洲,6
最深,15
边缘海,4
大洋,6
南起,2
南极,6
北到,1
北极,5
和澳洲,1
东界南,1
北美洲,20
占,11
地球,28
三分之一,1
千秋,25
冤案,10
莫须有,14
百战,10
忠魂,10
归去来,12
幅,9
对联,11
吴芳,1
培书,1
汤阴,1
岳庙,1
联题,1
岳王庙,1
注释,1
意,1
也许,1
宋史,1
韩世忠,1
秦桧,2
岳飞,6
犯,1
何罪,1
秦答,1
信上,1
陶渊明,1
辞,1
军事家,5
民族英雄,2
抗金,1
将领,1
战略家,2
见长,1
尊,1
华夏,2
杰出,6
先烈,1
十一年,1
十二月,1
二十九日,1
罪名,1
毒死,1
临安,2
风波,1
亭,1
可能,6
李广,1
彭德怀,1
岳武穆,1
人知,1
而且,9
后世,21
可能性,1
关键,2
出此,1
用意,1
背景,3
岳,3
将军,24
光良,20
哪张,14
曹格,8
唱,37
试听,2
music,1
baidu,4
song,1
39504805,1
171c958f4243dcf1fcc9fe3565301e4b,1
童话,8
一首歌,3
收录于,1
演唱,11
作词,10
管启源,2
所属,9
2005,1
想起,3
不可,26
傲气,13
傲骨,13
座右铭,12
国画,2
大师,4
徐悲鸿,4
先生,11
这句,2
话,4
骄傲,1
自负,1
一定,7
自信,2
自强,1
艺术大师,2
人生哲理,1
赋得,15
古原,15
草送,10
别的,10
古诗,12
草,11
送别,5
唐代,16
白居易,7
十六岁,1
成名作,1
河南省,34
舞钢市,9
平顶山市,3
平顶山,4
舞钢,2
县级市,2
归,4
管理,7
东南,5
方向,3
装修,4
后换,1
地漏,1
不会,2
梧州市,1
听说,4
岑溪,1
传销,1
有人,17
汝州,1
白果,12
做法,10
知识,10
详细,5
银杏,11
公孙,2
果,2
核,2
公孙树,3
子,6
鸭脚,1
树子,1
落叶乔木,1
干燥,1
成熟,2
种子,2
银杏树,1
白果树,1
现存,19
古老,4
果树,1
文学,4
ginkgoseed,1
别称,5
佛,1
指甲,1
界,2
植物界,1
门,1
门亚门,1
裸子植物,1
亚门,1
纲,1
纲目,1
目科,1
科属,1
属种,1
区域,6
南雄,1
山东,2
辽宁,2
m,2
阿内尔卡,19
尼古拉斯,2
1979,1
1.85,1
体重,2
77.0,1
位置,9
前锋,2
号码,2
科学家,23
牛顿,13
英国人,4
艾萨克,2
1643,1
1727,1
31,11
爵士,2
英国皇家学会,1
会长,2
物理学家,3
百科全书式,1
全,6
自然哲学,1
数学原理,1
光学,1
伊萨克,1
1642,1
出生,12
近代,2
科学技术,1
史上,1
天文学家,1
数学家,2
哲学家,3
瓦特,1
故宫,12
建,10
紫禁城,4
始建,25
1406,2
1420,2
明王朝,1
修建,23
明代,5
第三个,8
朱棣,8
史,3
永乐,5
帝,2
原是,2
燕王,2
封地,1
1399,1
发动,2
一场,2
旨在,1
夺取,1
北京故宫,1
明朝,12
于永乐,1
十八年,1
帝即,1
明成祖,3
1360,1
1424,1
第三代,1
明太祖,1
第四,1
应天,1
时事,3
征伐,1
受,4
封为,1
靖难,1
名不见经传,1
蔡信,1
蒯祥,2
只是,7
后期,5
施工,2
主持人,2
宫殿,2
大规模,1
高潮时,1
随,3
来到,4
主持,21
明永乐,1
小朱,1
康熙,1
功绩,1
远迈,1
汉唐,1
反正,3
记得,3
迁都,2
以前,7
星期日,6
家中,7
亲属,6
节日,8
父亲节,1
father,1
amp,1
sday,1
星期天,1
表示,12
尊敬,2
孕,9
十九,7
周是,7
你好,8
医学,5
上将,2
怀孕,6
算作,2
一个月,7
19,14
三周,2
平均,12
妊娠,2
周期,4
40,5
280,2
处于,6
中期,3
段时间,2
前后,2
感觉,4
胎动,2
求,14
四周,4
20,6
一周,2
133,1
多些,1
B超,1
机子,1
预产期,1
是从,5
末次,1
月经,1
差,1
背叛,11
歌来,5
superman,1
lrc,1
mp3,1
铃声,1
ti,2
ar,1
by,1
歌词网,1
原唱者,1
星光,2
大道,3
翻唱,3
杨宗纬,1
经典,3
受欢迎,1
不弄,13
罢休,13
打一,30
谜语,5
谜面,2
谜底,5
知,6
预览,1
题目,3
三十,1
数学,10
解析,2
三十而立,1
别解,1
而立之年,1
方才,1
体会,1
网站,5
cmiyu,1
当前,1
主页,1
内容,7
页,3
汉谜,1
网,2
谜题,2
提示,4
空中飞人,1
字谜,1
十个,1
哥哥,2
力量,1
困难,2
这事,1
检查,14
有没有,2
大于,1
进一步,1
糖化,1
血红蛋白,1
多种,2
因素,2
清晨,2
空腹,3
时能,1
较大,3
程度,2
这些,6
反映,7
病情,3
衡量,1
胰岛,1
功能,3
指标,1
诊断,1
头天,1
晚上,5
所用,2
药物,1
夜间,2
控制,8
加拿大,22
国徽,14
简介,12
制定,4
为盾,1
形,5
盾面,1
下部,1
一枝,1
三片,1
枫叶,2
上部,1
四组,1
三头,1
金色,1
狮子,1
一头,1
直立,7
红狮,1
一把,1
竖琴,1
三朵,1
百合花,1
在历史上,2
英格兰,3
苏格兰,1
爱尔兰,1
联系,19
遗留,15
至今,24
皇家,32
园林,31
规模,16
保存,18
完整,20
颐和园,6
四大,47
名园,1
另,16
三座,1
承德避暑山庄,1
拙政园,1
留园,1
海淀区,1
距,6
城区,2
十五公里,1
占地约,1
二百,1
九十,1
公顷,1
供大于求,6
方,6
买方市场,3
意味着,1
商品交换,1
买卖双方,1
平等,1
商品,2
打破,1
商品经济,1
现象,3
社会制度,1
形成,9
原因,4
性质,2
有着,5
本质,1
区别,1
西方,16
几乎,11
各学科,10
物理学,16
阿基米德,3
伽利略,1
阿尔伯特,1
爱因斯坦,1
天文,1
汉斯,1
贝蒂,1
吴大猷,1
色彩,4
研究,7
追溯到,1
两位,5
科学,2
化学,1
道尔顿,1
国际主义,13
战士,14
白求恩,12
共产党员,2
共产主义,2
胸外科,1
医师,1
柯棣华,1
印度人,3
马海德,1
1937,1
中国共产党,5
阿拉伯,1
裔,1
黎巴嫩,1
站士,1
古剑,21
奇谭,21
桐姨,6
巽芳,1
天灾,1
过后,2
虽,1
幸存,1
老,29
秦始皇,19
259,3
210,3
嬴,1
名政,3
嬴姓,2
赵氏,1
嬴政,2
秦庄襄王,1
之子,2
吕不伟,1
私生子,1
统帅,1
赢,1
现任,11
主席,16
第八届,1
罗格,1
1942,1
2001,1
比利时人,1
特许,26
彩票,53
福利彩票,40
未经,1
第六条,1
民政部,3
依照,1
法律,2
法规,2
规定,12
管理制度,1
实施,1
行政,1
规范,2
销售,7
条例,4
明确,2
截止,1
经,5
授权,1
国家体育总局,1
体育彩票,5
中国人民银行,3
仅,3
发行中心,4
两家,1
类似,4
深,2
沪,1
两市,1
第三条,2
决定,18
资金,3
分配比例,1
民政部门,1
行政部门,1
按照,6
各自,1
职责,2
负责,3
管理工作,1
分析,10
139,1
内地,22
仍然,1
1987,6
第一批,3
以来,5
飞速,1
办法,2
表述,2
就是指,3
筹集,1
社会福利,1
印有,1
图形,2
文字,3
供,3
自愿,1
购买,2
特定,3
规则,3
获取,4
奖金,1
有价证券,1
第十四条,1
中国人民银行总行,1
核准,1
印制,3
厂,5
统一,11
任何,2
不得,1
擅自,1
第四条,1
相关,8
活动,18
遵循,1
公正,2
公平,2
原则,2
第九条,1
募委,1
结算,1
额度,1
福彩,1
28,6
始终,3
扶,1
助残,1
孤,1
济困,1
宗旨,1
诚信,1
倡导,1
理性,1
购彩,1
奉献,1
爱心,1
责任,1
放在首位,1
扩大,1
国家有关,1
开奖,1
羽毛球赛,14
采用,33
三局,13
几胜制,13
比赛规则,1
三局两胜,2
比赛,6
双方,2
球员,1
先以,1
掷,1
毫,1
场区,1
发球,1
接发球,1
羽毛球,1
不仅仅,1
淘汰制,1
每局,1
分制,1
北京烤鸭,9
两重,9
挂,10
炉法,13
迷,1
这方面,1
最好,2
历史书籍,1
中国史,1
建议,3
中华,2
上下,1
五千年,1
焖,4
一日不见,1
蜘蛛侠,23
彼得,1
帕克,2
托比,6
马,6
奎尔,6
弗朗哥,1
哈里,1
32,1
与其,1
相恋,2
多年,5
女友,5
夏威夷,2
悄然,1
成婚,1
tobeymaguire,1
彼特,1
乡愁,12
海峡,14
台湾海峡,3
余光中,3
住,7
抒发,1
祖国大陆,1
思念,1
之情,3
一首,9
著名诗人,3
写道,1
一湾,1
浅浅的,1
这头,1
大陆,9
那头,1
这里,9
B,10
A,4
琼州海峡,1
C,6
朝鲜,2
D,3
最耐,18
日晒,20
织品,20
腈纶,4
织物,2
耐晒,3
蚕丝,2
经不起,2
故,16
丝织品,1
洗后,1
宜,1
阴干,1
腈,1
纤维,2
性能,3
极似,1
羊毛,4
弹性,2
伸长,1
20%,1
回弹,1
率,4
保持,1
65%,1
蓬松,1
卷曲,1
柔软,2
保暖性,1
15%,1
合成,2
之称,22
一片,6
草地,6
花名,5
梅花,5
字,21
斜音,1
没和花,1
一群,6
狼,3
草莓,1
杨梅,1
桃杏,1
中国国民党,7
神兵,10
小将,10
38,6
问天,1
阿雪,2
官网,2
铁心,3
阿雪比,1
镜头,1
男女,1
顺其自然,1
事情,2
东方,7
动画,2
海阁,1
天地,3
盟主,3
捉拿,1
因受,1
虎魄,1
失去,2
记忆,2
认,1
义女,1
意识,1
公主,11
cba,18
中国篮球,6
协会,8
continentalbasketballassociation,1
篮球联赛,3
男子篮球,1
职业联赛,1
chinabasketballassociation,1
主办,3
跨年度,1
主客场制,1
等级,3
中国篮协,1
英文名称,1
chinesebasketballassociation,2
缩写,8
篮球,1
格格,10
亲生,11
怎样,8
母后,5
嫔妃,1
母妃,5
六,4
宫之主,1
非,4
皇子,1
皇女,1
见到,4
清朝,8
就要,3
妃子,2
额娘,2
王爷,1
娘娘,1
嫡母,1
于是,6
所有人,1
母,1
那些,3
算是,5
庶出,1
只能,3
管,4
唐朝,14
郑恺演,6
黎昕,7
都市,1
情感,2
剧,3
离婚,2
登陆,2
卫视,13
郑恺,2
富,2
二代,3
观众,3
津津乐道,1
虽然,5
此前,1
离爱,1
过富,1
从黎昕,1
看到,2
出彩,1
处,4
仙人掌,13
原产,10
适应,2
干旱,1
沙漠,13
条件,5
植物体,1
呈,7
多汁,1
肉质,1
贮藏,1
水份,2
针状,1
以防,1
蒸发,2
非洲,22
引种,2
少数,2
野生,4
作为,17
观赏植物,1
品种繁多,1
珍贵,2
品种,6
桌上,1
崇物,1
室,3
多浆,2
1200,1
平方米,4
栽植,1
展示,3
类及,1
植物种,1
1000,2
余种,1
格陵兰岛,6
阿拉伯半岛,4
半岛,3
台湾岛,1
Z,2
Q6,1
a8,1
a8P,1
P,2
g,2
3O,1
8C,1
马达加斯加,1
岛,9
试题,7
除,1
冰川,1
最广,1
本题,7
选项,3
考查,7
海陆,1
东北部,7
大西洋,35
全岛,1
217.56,1
万平方公里,4
海岸线,1
全长,1
三万五千,1
多公里,1
孟郊,17
751,3
814,3
东野,1
湖州,4
武康,1
德清,1
唐诗,2
拿破仑,12
颁布,6
法典,6
1804,2
元老院,1
宣布,14
称帝,1
哨所,9
一座,5
不论,2
论,2
架,1
流体,7
粘度,21
动力,7
相对,8
耕作制度,14
一年,39
三熟,17
热带地区,1
海南岛,2
热带,3
作物,4
熟制,4
浙江省,25
熟,2
麦子,1
两熟,3
水稻,1
a,10
大部分,3
北方地区,1
暖温带,1
东北地区,1
温带,1
人大代表,10
每届,16
几年,21
中华人民共和国宪法,1
第九十八条,2
各级,2
人民代表大会,6
任期,9
2004,18
宪法,2
修正案,1
盛,2
市辖区,1
民族乡,1
镇,47
三年,5
修改,4
设区,1
自治州,1
由下,1
选举,7
人民解放军,1
单独,1
另订,1
届满,3
人民代表,1
全国人民代表大会常务委员会,4
下届,2
全体,2
三分之二,2
通,1
草堂,17
留,16
诗圣,17
赞送,13
赞扬,3
杜甫,10
成都,7
故居,1
旧址,1
纪念祠,1
朱德,1
朱老总,1
崇敬,1
胜迹,1
热爱,1
关怀,1
溢于言表,1
足球运动,10
发源地,11
史料,1
记载,5
中世纪,1
出现,35
世纪,7
普及,1
欧星,1
娱乐,4
正是,1
意大利人,1
中叶,1
宙斯,7
孩子,3
忒,1
弥斯,1
Themis,1
提坦,1
秩序,1
正义,1
女神,12
第二位,1
妻子,8
时序,1
之母,1
珀,1
耳塞,1
福涅,1
Persephone,1
赫耳墨斯,1
Hermes,1
神使,1
阿特拉斯,1
风雨,3
迈亚,1
所生,1
春晚,12
周杰伦,17
跳舞,11
小孩,13
侯高,3
俊杰,4
09,1
本草纲目,14
央视,8
春,2
经常,4
演出,3
哈哈,1
铁杆,1
粉丝,3
周围,17
磁场,17
磁体,4
表现,5
磁力,1
空间,5
称作,1
地磁场,7
置于,1
地心,1
磁偶极子,1
近似,1
特性,1
存在,11
相当于,9
利用,2
同名,3
磁极,2
相互,1
排斥,1
原理,1
悬浮,1
磁感线,1
地磁,2
地理,4
附近,6
磁针,1
静止,1
指向,1
互相,2
吸引,1
说明,7
伏尔泰,15
思想家,18
考察,2
启蒙运动,3
认识,3
所学,1
史记,12
启蒙,3
强调,1
天赋人权,1
大胆,2
揭露,1
旧,3
制度,7
弊端,1
宣扬,1
人身自由,1
信仰自由,1
批判,1
天主教会,1
专制制度,1
反对,3
特权,1
十八世纪,1
资产阶级,1
旗手,1
被誉为,5
法兰西,3
之王,1
优秀,2
公认,3
领袖,2
导师,5
笔记,22
原唱,35
要是,3
周笔畅,7
那首,2
歌,9
确确实实,2
超女,2
推出,3
楼上,2
签,1
第一张,1
单曲,4
首个,2
最近,7
新出,1
超级女,1
声,1
晕倒,1
习,7
总书记,10
当年,13
延川县,11
村,10
插队,8
参观者,5
习近平,4
插队落户,2
梁家,6
河村,3
合影留念,3
时任,3
大队,2
党支书,2
带领,20
河,2
村民,4
陕西省,9
第一口,2
沼气池,3
如今,1
来自,5
各地,2
游客,2
手绘,1
宣传画,1
留影,1
在习,1
开头,20
股票,16
创业,1
创业板,6
开通,2
如需,1
带上,1
证券公司,1
营业部,1
柜台,1
办理,1
就行,1
深市,3
A股,2
基金,2
B股,2
沪市,1
泸市,2
专为,1
暂时,1
主板,1
中小企业,1
融资,1
途径,1
成长,1
证券交易,1
大多,2
从事,1
高科技,1
业务,2
具有,32
成长性,1
中央集权,15
封建王朝,12
封建,4
秦朝,10
221,1
中原,3
统一大业,1
国,10
夏朝,2
从题,1
此题,1
顺序,4
掌握情况,1
奴隶社会,1
夏商周,1
封建社会,3
秦汉,1
奴隶制,1
王朝,1
大一统,2
护理,13
颜色,74
三级,1
特级,1
红色,10
黄色,6
牌,1
蓝色,11
术语,1
标记,2
粉红色,2
巡视,1
频率,1
危险性,1
适于,1
重症,1
恢复期,1
病人,2
年老体弱,1
完全,1
自理,1
不宜,1
圆周率,21
计算,18
小数点,21
七位,19
南北朝,1
祖冲之,7
精确,3
满足,1
前人,1
刘徽,2
割,1
圆术,1
推算,1
求出,1
数字,6
草原,26
钢城,16
及其,2
支流,3
航运,2
要冲,2
九省,2
通衢,2
包头,3
内蒙古高原,1
地带,2
2014,5
562013,1
被称作,1
强风,1
风力,1
风,1
刘三姐,1
91,3
下列,2
煤,1
铁矿,1
92,1
绿城,2
呼和浩特,1
青色,4
城,9
鹿城,2
乌海,1
乌金,1
之海,1
宜兴,1
陶都,1
洞天,1
常熟,1
水乡,1
昆山,1
杭州,5
欲穷千里目,16
更上一层楼,16
诗句,27
王之涣,8
登,9
鹳雀楼,8
白日,1
依山,1
尽,3
黄河,5
入海流,1
赏析,1
这首,4
登高望远,1
不凡,1
胸襟,1
抱负,1
盛唐,2
积极向上,1
进取精神,1
登鹤雀楼,1
更为,1
千古,2
名句,4
流传,2
下来,1
甚少,1
可见,2
者,6
六首,3
而此,1
足使,1
诗名,1
宇宙,1
共存,1
或作,1
王之奂,1
季凌,1
享有盛誉,1
重案,7
六组,7
田蕊,7
孙菲菲,2
北京舞蹈学院,1
清秀,1
脸庞,1
曼妙,1
身段,1
引得,1
瞩目,1
光鲜,1
外表,2
之下,1
极大,1
执着,2
认真,1
长相,1
清纯,1
甜美,1
塑造,3
性格,4
各异,11
银屏,1
形象,3
受到,2
影迷,1
喜爱,2
追捧,1
扮演,10
万分,1
三角形,23
几条,10
三条,13
只不过,1
直角三角形,2
两条,3
直角,1
边,5
高跟角,1
没关系,1
顶点,4
垂线,2
垂足,2
线段,2
这条,3
边上,2
高线,2
垂心,3
交点,2
三角,2
封闭,1
平面,2
边均,1
对应,1
钝角,1
能画,2
三年级,2
小学,4
教育,6
专区,2
暂无,1
评价,5
阅读,2
举报,2
文档,1
重心,1
魔,3
方格,3
权威,2
条高,1
四年级,1
考点,2
理解,3
西周,15
后面,9
春秋战国,6
秦,3
统一天下,1
周朝,2
周平王,1
从此,1
阶段,3
春秋时期,1
诸侯,3
争霸,2
战国时期,6
吞并,1
东周,4
周国分,1
两,4
四分之一,6
等于,16
60,6
4x60,2
满意,9
哟,2
tfboys,16
台,24
跨,15
组合,8
参与,2
跨年,2
演唱会,4
录制,1
播出,5
新年伊始,1
中央电视台,2
心连心,1
艺术团,1
赴,1
古田,1
慰问,1
节目,23
日晚,2
综艺,1
tfboy,1
kate,6
spade,6
牌子,10
Kate,6
Spade,3
昵称,1
夫姓,1
1998,2
大熟,1
大勇,1
荣获,1
CFDA,1
颁发,1
年度,1
手袋,2
配件,1
类,4
设计师,2
best,1
accessory,1
designer,1
of,6
the,1
year,1
凯特,1
丝蓓,1
手提包,1
鞋子,1
窜,1
Katherine,1
Noel,1
Brosnahan,1
创办,20
纽约,2
时装周,1
常客,1
简洁,1
灵动,2
造型,3
鲜亮,1
活泼,1
有趣,2
生活态度,1
风靡,1
之初,2
担任,3
Mademoiselle,1
杂志,1
时尚,3
编辑,5
Brosnaham,1
遍寻,1
心目,1
亲力亲为,1
实用,1
手,2
就此,1
引起,1
配饰,1
领域,2
全新,5
变革,1
汴,1
古称,6
为八朝,1
古都,1
大梁,1
魏国,1
西北,6
隋唐,1
称呼,4
于汴梁,1
元朝,11
初期,1
沿袭,1
金朝,1
仍为,2
南京路,2
至元,22
二十五年,1
1288,2
改,1
路,7
江北,1
中书省,1
治,1
始,1
四京,1
西京,1
洛阳,1
天府,1
大名府,1
大名,1
示,1
中部,10
偏东,1
摇篮,1
南岸,3
悠久,1
古城,20
悲怆,10
交响乐,9
柴可夫斯基,5
交响曲,2
贝多芬,1
1893,1
创作,9
高峰,1
乐曲,1
悲哀,1
愉快,1
调式,1
反复,1
激烈,3
戏剧性,2
冲突,1
经过,6
憧憬,1
面对,3
悲剧,1
结局,16
陳,14
小春,14
老婆,63
采儿,3
艺人,2
陈小春,3
1967,2
一名,4
背水一战,8
韩信,6
井陉,4
之战,25
发生,8
汉高祖,2
204,1
汉军,2
赵军,3
交战,4
大将,11
主帅,1
陈,2
馀,1
轻敌,1
之心,1
兵家,1
大忌,1
背水阵,1
鼓吹,1
本军,1
将士,5
奋勇,1
淮阴,2
侯,2
列传,2
中说,2
汉,4
率军攻,2
赵,4
穿,2
口,4
命令,3
背靠,2
大河,2
摆开阵势,2
敌人,2
临,4
大敌,2
退路,2
处境,2
坚定,7
拼死,2
求胜,2
决心,2
大破,2
美国国会,12
里程碑,12
法,12
从而,12
种族隔离,12
非法,12
这项,1
不仅,5
重大,2
宗教改革,1
迫使,1
民权,1
法案,1
种族歧视,1
政策,1
闭月羞花,11
闭,10
汉献帝,1
大臣,2
司徒王允,1
歌妓,1
貂蝉,4
夜里,1
后花园,1
拜,1
忽然,1
轻风,1
吹,1
一块,3
浮云,1
明月,1
遮住,1
沉鱼落雁,2
四大美女,1
西施,23
王昭君,1
杨玉环,1
最长,11
人工河,8
人工,1
运河,2
京杭大运河,1
工程,1
长城,2
两项,1
伟大工程,1
大理,9
大理市,1
云贵高原,1
洱海,2
平原,5
苍山,1
之麓,1
之滨,1
南诏,1
五百余年,1
1982,2
中国政府,1
列为,7
24,10
文化名城,2
地图,2
纸鸢,4
鸢,6
黑,2
老鹰,3
鹞鹰,1
中型,2
猛禽,1
体长,2
54,1
69,2
684,1
1115,1
虹膜,1
嘴,2
黑色,5
蜡膜,1
黄绿色,2
脚,13
趾,1
爪为,1
解鸢,1
鸟,9
唯一,26
授时,12
日出,3
随着,1
时间推移,1
一直,12
变,1
蒲城县,1
境内,3
中国科学院,3
陕西,7
天文台,2
地点,1
而是,3
远离,1
陕酉省,1
蒲县,1
英国文学,9
Study,2
见面,1
每周三,1
乔叟,2
稿,1
Erica,1
细胞,13
遗传信息,16
载体,17
dna,13
携带者,1
遗传物质,1
染色体,6
生物,4
产生,3
生殖细胞,3
获得,34
体细胞,1
一半,2
基因,2
随之,1
细胞核,2
结构,10
螺旋形,1
梯子,1
片断,1
蛋白质,2
中能,1
碱性,1
染料,1
染成,1
深色,1
称做,1
指导,1
发育,2
全部,3
遗传,1
分子,2
双螺旋,1
庞培,19
城是,16
哪座,39
火山爆发,18
掩埋,18
这才,2
原来,4
维苏威,3
熔浆,1
庞贝城,1
不久,2
不远处,1
赫库,2
兰尼姆,2
火浆,1
渐渐,2
遗弃,1
这座,2
靠近,1
那不勒斯,1
火山,1
灾难性,1
爆发,21
毁于一旦,1
并长,1
埋于,1
ram,14
内存,11
电脑,6
程序,1
程序运行,1
快慢,1
剩余,1
好比,1
电脑内存,1
rom,2
则,10
自带,1
用来,2
放,1
东西,14
硬盘,3
ram1gb,1
1g,1
容量,1
宏碁,5
水中,14
鱼,15
上浮,12
下沉,12
身体,6
内有,2
白色,7
泡,1
鱼鳔,2
空气,2
使,8
自身,2
体侧,1
一道,1
侧线,1
感知,1
保暖,11
内衣,11
材料,18
物理,9
属性,9
暖和,2
人体,2
热量,2
不易,3
散失,2
制作,4
保温,2
导热性,2
能差,2
故选,6
柯桥,20
昆明,2
国旅,1
免费,2
绍兴县,13
旅行社,1
旅游,3
绍兴市,9
也就是说,4
下面,7
体现,3
市级,2
XX,4
街道,25
东部,8
富庶,3
宁绍,3
东距,3
大港,3
宁波,11
106,3
西距,3
人间天堂,3
东方明珠,3
185,3
南,7
三里,3
柯山,3
山下,3
有水,3
柯水,2
312000,1
阿凡,17
所在,12
星球,19
续集,1
将会,1
展现,3
潘多拉,7
星系,1
其它,7
面貌,1
甘心,2
矿业,1
必将,1
卷土重来,1
极高,2
矿石,1
放弃,1
简直,1
高级,3
智慧,4
尚,1
原始,2
通体,2
发光,1
带有,3
花纹,2
身后,1
有条,1
长尾巴,1
耳朵尖,1
除此以外,1
体形,1
样貌,1
剧情,3
花絮,1
讲述,5
拆迁,1
队欲,1
侵犯,1
杰克,1
屌丝,1
奋起,1
反抗,1
故事,11
pandora,1
虚构,1
一颗,5
卫星,1
随便,10
杀人,10
犯法,10
伊桑,1
清除,1
计划,2
thepurge,1
2013,9
未来,6
失业率,1
犯罪率,1
达到,8
最低,18
表面,1
看起来,1
和平,16
实行,3
犯罪活动,1
浪花,14
一朵朵,14
袁,11
教练,12
袁润梅,3
张恒,6
据悉,2
常常,2
严肃,1
之容,1
待人,1
灭绝师太,1
然而,3
稍加,1
装扮,1
女性,1
韵味,1
十足,1
咏梅,1
总教练,1
标题,3
开播,2
首演,2
大变身,2
青春,13
来袭,1
谭松韵,1
牵手,1
泳坛,1
男神,3
熊梓,1
淇,1
巴比,5
迪,5
宇宙飞船,5
通关,6
新塔,1
80,5
开启,2
相对来说,1
要求,1
难度,3
取决于,1
本区,2
土豪,2
越,2
差距,1
越大,1
越高,1
注,1
近年来,9
志铭,10
中国邮政,10
铭记,1
另有,1
china,1
近几年,1
居民区,1
噪声,1
卫生标准,1
白天,2
分贝,2
夜向,1
45,3
好莱坞,5
州,4
加利福尼亚州,1
羊肉,1
曹丕,14
派,33
往,17
东吴,14
册封,15
孙权,17
吴王,16
大神,23
帮帮忙,23
即降,1
诏,3
命,1
太常卿,1
邢贞,1
赍,1
加九锡,1
蝴蝶效应,5
部,4
剪辑版,2
影院,2
追踪者,1
大团圆,2
看过,3
跟踪,2
自杀,1
BABY,1
擦身而过,1
youtube,1
watch,1
v,3
9mpk5XeYh,1
gHappy,1
Ending,1
过有,1
四个,8
asean,1
2006,7
1919,2
结尾,1
所说,3
震撼,1
片尾,1
婴儿,1
肚子,1
2012,13
伦敦,12
几枚,10
金牌,10
共,18
斩获,2
帮到,2
帮,1
天线宝宝,8
teletubbies,1
电视,3
媒体,2
BBC,1
儿童,2
栏目,1
家喻户晓,1
明星,2
娃娃,1
大街小巷,1
小朋友,1
模仿,1
背对背,19
拥抱,19
林怡凤,2
林俊杰,8
总,3
说不清楚,1
怎么,4
明,1
一字一句,1
圈套,1
帐,1
总翻,1
完,4
无理取闹,1
双手,1
甩开,1
刚好,1
微妙,1
战火,1
燃烧,1
滥用,1
沉默,1
咆哮,1
爱情,4
来不及,1
变老,1
葬送在,1
烽火,1
玩笑,1
收录,6
jj,1
惠州市,9
潼侨,10
惠城区,4
新华,2
惠州,4
惠城,1
邮编,3
516232,1
联系人,1
杨千胜,1
电话,3
传真,1
收藏该,1
近日,1
几场,1
春雨,1
几百亩,1
茶园,2
一派,1
热闹,1
繁忙,1
景象,2
做工,1
精细,1
用料,2
考究,1
置业,1
聚焦,1
2009,2
房展,1
邮政编码,7
516032,1
读书,19
破,19
万卷,19
下笔,19
有神,19
代,2
奉赠,1
韦左丞丈,1
二十二,1
韵,1
一诗,1
表达,1
徒有,1
才华,4
壮志,1
难酬,1
满腔,1
愤激,1
两句,3
自我,3
心绪,1
写作,1
得益于,1
诗书,1
关晓彤,13
谈恋爱,8
负面影响,1
理工,1
你们,6
还好,1
举着,1
刀,1
嗯,1
鹿晗,6
拍戏,1
关,1
爸爸,5
跟着,1
进组,1
这算见,1
家长,2
合影,1
可是,3
笑,22
好开心,1
微博,3
网易娱乐,1
报道,1
发微博,2
恋情,1
女朋友,1
回应,2
咔,2
看单,2
前往,1
查看,1
列表,1
本期,1
看点,1
115,1
恋爱,3
可怕,1
时迁,18
绰号,16
鼓上,5
蚤,4
盗,1
轻功,2
夸大,1
犹如,1
跳蚤,2
惊动,1
鼓响,1
故名,2
意谓,1
轻巧,1
大鼓,1
上蹦来,1
蹦,1
民间,4
天下第一,2
神偷,1
称号,13
比亚迪,10
老总,23
总裁,1
王传福,4
之前,2
座,2
驾,1
F6,1
安徽,15
无为,1
中南大学,1
物理化学,2
学士学位,1
同年,3
有色金属,1
总院,1
攻读,1
硕士,1
1990,4
留在,1
该院,1
301,1
按部就班,1
副,7
宰牲节,4
2017,11
古尔邦节,4
伊斯兰,2
历的,1
公历,1
固定,1
沙特阿拉伯,3
司法,1
官方,5
大运会,14
热时,10
散热,15
解释,1
沾水,1
湿,1
你家,1
累,1
总是,1
伸着,1
舌头,8
呼呼,1
毛孔,1
流汗,1
汗腺,2
狗会,1
伸出,1
企鹅,1
鸟类,2
蝙蝠,1
哺乳动物,6
狗用,1
撒哈拉,1
乞力马扎罗山,1
背部,1
一部分,3
毛里塔尼亚,1
马里,1
一带,3
撒哈拉沙漠,2
太监,4
茶花,14
几次,12
海棠,2
几时,1
匿名,1
伞形,1
总状花序,1
未,2
开时,1
开厉,1
渐变,1
观赏,1
花木,1
花色,1
艳丽,1
单瓣,1
叶柄,1
细长,1
披针,1
托叶,1
果熟,1
二次,3
春天,3
二月份,3
秋天,4
温室,3
大概,5
能开,3
春节,2
二,8
数次,1
一是,2
选对,2
二是,1
方法,1
比如说,1
养,3
蟹爪,1
兰,2
太平军,9
青浦,10
大捷,10
领导,12
金田起义,1
太平天国,1
洪秀全,1
桂平县,1
武装起义,1
李秀成,1
乘胜,1
攻克,1
城郊,1
徐家汇,1
直逼,1
西门,1
南门,1
1925,17
国民党,20
中央宣传部,18
周报,17
主编,18
创刊,1
民国,3
报社,1
出版,1
代理,3
部长,1
沈雁冰,1
副主编,1
张秋人,1
每期,1
印,1
万份,1
楚辞,33
创造,32
诗体,31
骚体,3
楚词,13
战国时代,14
屈原,16
错,2
baike,2
view,2
14449,1
htm,2
楚国,2
时所,1
诗歌,6
样式,3
诗经,1
离骚,21
代表作,4
称之为,2
骚,1
汉代,5
普遍,2
赋,1
运用,1
楚地,2
两湖,1
方言,1
声韵,1
叙写,1
山川,1
风情,1
浓厚,1
故乡,18
诸暨,5
音容,1
邈,1
典范,2
照,1
诸暨市,2
城关,1
苎萝村,1
越国,1
美女,2
发祥地,1
由此,3
段,3
记述,1
可知,3
范蠡,1
说法,7
回到,1
初唐,1
宋之问,1
浣纱,1
篇,17
云,2
一朝,1
旧都,1
靓妆,1
寻着,1
耶,1
鸟惊入,1
松萝,1
鱼畏沉,1
荷花,1
殿,1
景区,3
好玩,3
女子,16
成人礼,11
啥,17
成年,8
礼,9
笄,6
礼仪,2
周代,2
如已,2
许嫁,2
发辫,2
盘至,2
头顶,3
簪子,2
插住,2
以示,2
及身,2
礼叫,1
族,4
男子,1
行冠礼,1
二十岁,1
行笄,1
十五岁,1
古时,1
冠礼,1
延续,1
长垣县,15
回答,24
新乡市,3
隶属,2
赵州桥,12
坐落,6
洨,2
河上,1
河流,2
赵县,1
建于,3
隋代,2
581,1
618,2
大业,1
年间,3
605,2
匠师,2
李春,3
距今已有,2
1400,1
当今世界,3
完善,1
敞肩,2
石拱桥,2
隋朝,2
595,1
1500,1
凝聚,1
结晶,2
开创,1
桥梁,1
崭新,1
局面,1
开皇,1
卢沟桥,1
金大定,1
二十九年,1
1189,1
明正统,1
九年,1
1444,1
重修,1
遗憾,2
不论是,1
设计者,2
施工者,1
绝大多数,11
尉级,11
军官,11
军衔,14
各国,6
体系,2
少尉,3
军衔制,1
中华民国,2
南京临时政府,1
北洋政府,1
国民政府,1
军队,1
猫,19
日记,19
球球,16
老鼠,16
一本,19
接着就是,1
绿狗,2
山庄,2
小白,1
卖,2
全套,3
系列丛书,1
杨红樱,1
系列,4
本,3
文房四宝,36
毛笔,40
蒙恬,14
湖笔,6
产,2
词目,2
释义,4
黑墨,2
宣纸,2
砚台,2
蒙括,2
秦国,6
起源,4
223,1
兵马,1
战争,1
拖,1
长时间,1
发明人,2
双喜,2
牌善琏,2
名牌,6
善琏,2
含山,2
该厂,2
1956,2
产品,4
绝对,3
保证质量,2
包退,2
包换,2
迄今,2
尚未,2
实物,1
史前,1
彩陶,1
商代,1
甲骨文,1
觅,1
些许,1
用笔,1
迹象,1
笔笔,1
林林总总,1
笔类,1
制品,1
独有,1
品类,1
发音,2
w,1
nf,1
ngs,1
b,19
o,2
提到,1
往往,1
造笔,1
秦代,2
名将,2
据说,2
相传,3
枯木,1
为管,1
鹿毛为,1
柱,1
外衣,1
地动仪,11
张衡,6
文人雅士,2
帝王将相,2
有名,4
传世,1
杰作,1
东汉时期,1
所处,2
东汉时代,1
地震,1
频繁,1
师妹,16
叫迪丽,1
热巴,2
萧筱,2
萧悠,1
露,1
迪丽,1
兰花,9
兰花草,3
有太多,1
刘文正,7
一唱,1
人长,1
高帅,1
唱歌,2
功力,1
嗓音,1
早就,2
甩掉,1
街,1
有别,1
银霞,1
柔媚,1
情怀,1
几分,1
五四,1
青年,3
期许,1
贴近,1
胡适,1
辞意,1
歌者,1
诠释,1
能力,1
南昌,16
江西省,5
偏北,1
赣江,1
抚河,1
下游,1
滨临,1
鄱阳湖,1
豫章,2
洪城,2
省会,12
交通,4
中文名称,2
nanchang,1
英雄城,1
类别,1
太阳系,16
行星,15
木星,5
八,5
大行星,6
体积,4
质量,3
极其,1
巨大,2
七,8
总和,1
2.5,3
倍,5
318,2
321,1
太阳,4
距离,2
由近,1
远排,1
位列,2
第五,3
jupiter,1
岁星,1
离,7
远近,1
颗,1
由近及远,1
自转,5
最快,1
冥王星,1
开除,1
九大行星,1
海南,6
村是,4
哪县,4
付美斌,1
澄迈县,3
金江,1
黄竹村,1
老爸,2
乡亲们,1
正为,1
老寿星,1
刘,4
玉花,1
108,1
报刊,3
百家,1
采风,1
团,1
造访,1
海南省,1
大拉村,2
仅仅,1
缩影,1
去年,3
评出,1
全县,3
十大,2
之村,1
连续剧,18
地瓜,13
请问,23
天外飞仙,4
童远,2
外号,1
林依晨,2
小七,1
历届,1
统计,1
五次,1
1958,2
瑞典,3
1962,2
智利,2
1970,6
墨西哥,8
韩日,2
四次,2
1934,1
1938,3
西班牙,6
首尔,11
宇,1
twitter,1
拍,1
b1a4roadtrip,1
差不多,1
马陵,22
359,1
一说,2
356,1
商鞅,1
变法,1
341,4
孙膑,4
209,2
陈胜吴广,2
起义,2
207,2
巨鹿,2
206,2
刘邦,3
率军,1
攻入,1
大败,3
魏军,3
307,1
赵武灵,1
王,4
胡服骑射,1
历史进程,2
事件,3
节点,1
性,1
qq,6
腾讯,2
互联网,2
服务提供商,1
企业,3
秉承,1
一切,1
依归,1
经营,1
理念,1
稳健,1
鹰,11
一对,2
隼,2
翅膀,3
簇拥着,2
本特利,5
字母,4
四,4
汽缸,3
不再,2
徽章,3
宾利,5
捷豹,1
美人豹,1
上次,1
发图,1
邵东,1
辆,1
楼,2
尔特,1
欧文,1
赛车,2
刘海粟,9
取自,14
沧海一粟,3
秀外慧中,1
甘之如饴,1
新版,11
小车,11
驾驶证,13
c1,13
审验,11
放心,1
取消,1
审,2
年检,1
换证,2
证到,1
外地,1
考,1
回,4
家去,1
捡,1
问着,1
转到,1
家里,6
省事,1
违章,1
扣分,1
一换本,1
换本,1
折子戏,11
毛慧,2
黄阅,4
偶像,2
张国荣,4
梦幻,3
凡间,8
魔戒,2
熟知,1
管仲,13
鲍叔牙,14
鲍子,3
遗风,2
管鲍之交,5
高山流水,1
友谊,2
见于,5
列子,2
力命,2
我者,1
知我者,1
此世称,1
鲍善交,1
春秋,3
齐人,1
相知,2
后常,2
交情,2
管夷,1
二人,1
相友,1
甚戚,1
时齐,1
城楼,23
曾经,6
必修课,1
一点,2
不太,1
已高达,2
楼阁,2
二字,2
互通,1
严格,1
区分,1
用途,11
保护,14
230,20
卫温,19
万人,35
船队,19
夷洲,20
密切,16
自古以来,1
加强,3
吴国,4
孙权派,3
率领,2
一万多名,1
官兵,1
乘,2
海船,1
横渡,1
台湾地区,1
吴王孙,1
权于,1
隋炀帝,4
三次,2
流求,4
隋,1
宋代,1
吴主孙,1
权曾,1
等率,1
迁入,1
当地,1
开发,1
同,2
元素,13
周期表,12
德米特里,1
伊万诺维奇,1
门捷列夫,6
Dmitry,1
Ivanovich,1
Mendeleyev,1
1834,2
1907,1
俄国,2
化学家,3
建立联系,1
某,3
有序,1
成员,3
周期律,1
1869,1
化学元素,1
双目失明,1
出外,1
得以,1
维持,1
家人,1
教员,1
职位,1
接着,1
火灾,5
吞没,1
财产,1
真是,2
祸不单行,1
2008,14
帆船赛,10
青岛,3
各项,1
届,6
之外,1
三百六十,13
几天,13
半个,1
胖,1
360,1
橘子,11
白白的,9
白线,10
外果皮,1
晒干,1
陈皮,2
入药,1
药效,1
而橘,1
瓤,2
网状,2
丝络,1
橘络,2
含有,1
一定量,2
维生素,2
p,2
通络,1
化痰,1
理气,1
消滞,1
功效,1
筋络,1
枪弹,10
弹头,23
燃烧弹,12
前部,1
涂,3
内部,1
前端,1
装有,1
燃烧剂,1
穿甲,1
加红圈,1
第一条,10
电车,9
轨道,9
冯,1
西门子,1
1881,2
近郊,1
铺设,1
铁轨,2
通电,1
回路,1
有轨电车,2
博览会,1
1888,1
弗吉尼亚州,2
里士满,1
投入,1
湖,10
西海,10
青海湖,5
内陆,2
咸水湖,2
海拔,3
湖泊,5
仙海,2
鲜水海,2
卑禾,2
羌海,2
北魏,2
始称,4
青海,3
蒙古语,3
库,2
库诺尔,2
意皆为,2
鲜水,1
鲜海,1
藏语,1
错温波,1
yy,6
九天,6
师傅,7
卡卡,19
西是,15
哪部,24
动画片,15
火影忍者,5
旗木,2
没演,1
naroto,1
帅到,1
老师,6
忍,1
男一号,1
鸣人,1
动漫,1
狐,8
妖,8
红娘,8
十,7
英寸,15
换,1
2.54,3
换成,1
20.32,1
25.4,3
俗称,18
长生果,19
花生,6
富含,1
卵磷脂,1
脑磷脂,1
神经系统,1
延缓,2
脑,1
衰退,1
抑制,1
血小板,1
凝集,1
防止,1
脑血栓,1
实验,1
证实,1
常食,1
改善,2
血液循环,1
增强,1
衰老,1
名符其实,1
不少,3
不无道理,1
长于,1
滋养,1
补益,1
有助于,1
延年益寿,1
另一方面,2
医疗,1
arachishypogacal,1
豆科,1
落花生,1
果仁,1
秘鲁,1
故又称,1
番,1
豆,1
福建,2
武宁路,11
练,1
瑜伽,1
物美价廉,1
普陀区,5
周边,1
健身房,3
各个,1
联系方式,1
美格,1
菲,1
健身,2
中山北路,1
曹,1
杨路,1
创立者,2
布衣,2
100%,2
我来,2
欢迎,2
生意经,2
常吃,6
皮蛋,8
蛋,6
而成,7
鸭蛋,6
香味,1
彩花,1
原料,1
新鲜,2
白石灰,1
茶,2
食盐,1
面碱,1
黄丹粉,1
草木灰,1
黄土,1
稻壳,1
笔下,6
夏日,1
暴雨,1
烘托,1
主人公,4
航杭,8
杭,2
航,2
木已成舟,2
那佬,1
僮,2
佬,1
返老还童,1
来源,1
宇文,1
zgyuwen,1
写成,1
兴趣,1
云吞面,13
云吞,8
蛋面,2
煮成,2
地道,2
小吃,4
制法,1
皮,1
包裹,1
剁碎,1
馅料,2
皮以,1
鸡蛋,1
面粉,1
制成,3
切,1
成约,1
8cm,2
正方形,1
馄饨,1
四川人,1
抄手,1
相,1
略有不同,1
粤语,1
馄饨面,1
普通话,1
以肥,1
瘦猪肉,1
鲜,1
虾仁,1
大地,1
鱼碎,1
调味,1
混成,1
包法,1
讲求,1
逐步,1
整齐,1
折合,1
起来,6
领土,24
居,22
几位,14
第四位,5
醉,3
西游,2
答题,3
第三位,2
百科,2
现为,3
962,1
平方千米,3
位居,2
9372614,1
个州,1
叙述,1
错误,10
符合,1
题意,4
本土,3
东临,12
西临,11
南临,5
墨西哥湾,3
阿拉斯加州,3
西北部,3
阿拉斯加,2
群岛,4
北极圈,1
沁园春,7
长沙,7
景色,9
描写,7
统领,9
万山红,2
遍,2
层林尽染,2
漫江碧透,2
百舸争流,2
描绘,6
一幅,3
山水,1
美画,1
山林,1
跌,1
万山,1
让出,1
层层叠叠,1
分外,1
美丽,14
湘江,3
江水,1
碧绿,1
透彻,1
江中,1
各种,7
船只,1
交汇,1
热闹非凡,1
总领,2
七句,2
独立,6
橘子洲,2
绚丽,2
秋景,2
阕,2
写景,2
壮观,2
深秋,2
充满生机,2
之景,2
提出,3
主沉浮,2
看字,1
鹰击长空,1
鱼翔,1
浅底,1
霜天,1
竞,1
政法,7
干警,7
考试,7
公布,8
史家,19
绝唱,20
无韵,18
史学,1
媲美,1
魯迅,1
补充,2
书写,2
书籍,1
中是,1
独一无二,1
司马迁,2
史书,3
前无古人,2
后无来者,2
称得上,2
写诗,1
手法,1
老历,2
半,4
明天,1
农历,2
七月,2
十五,1
中元节,1
鬼节,1
iphone,9
多大,10
尺寸,11
iPhone,6
屏幕,5
X,5
5.8,2
2436x,2
458ppi,1
屏,1
81.15%,1
边框,1
单边,1
4.57,1
mm,2
钱,2
外媒,1
预测,1
美国苹果公司,2
深圳,18
富士通,2
代工,2
键盘,2
键,1
翻页,1
全文,1
九九八十一,13
用户服务,1
订阅,1
收藏夹,1
登录,1
马上,1
更新,1
乐正,3
绫,3
原版,1
伴奏,1
播放,3
上传,2
iCan,1
标签,2
Copyright,1
2016,6
猴年,2
bilibili,4
拜年,2
祭中,2
vocaloid,2
虚拟,2
歌姬,2
原创,3
PV,2
已于,2
搬运,1
结巴,13
演,13
黎姿,4
年轻,1
很漂亮,1
演小,1
同黎姿,1
黎姿演,1
TVB,1
当家花旦,1
呀,4
息影,1
死时,1
音乐,2
替代,1
郑伊健,1
youku,1
show,1
id,1
XMjAxMjc0Nzg0,1
html,2
抱抱,14
陪陪,3
亲亲,3
夸夸,3
神降,1
8od,1
宝宝,1
仅供参考,1
月亮,8
姐姐,1
爸爸妈妈,1
多多,4
徐英翰,1
段丽阳,1
杨贵妃,8
唐玄宗,4
李隆基,3
唐明皇,3
李世民,1
孙子,21
685,1
762,1
帝王,1
开元,1
盛世,2
开创者,1
儿媳妇,1
公公,1
抢,1
殷,1
贵妃,1
刘骏,2
堂妹,1
堂兄,1
刘宋,1
荒淫无道,1
出格,1
妙应,21
寺,21
白塔,22
于元朝,21
八年,21
1271,21
阿尼哥,20
奉,20
敕,20
入仕,3
尼伯尔,2
先后,1
吸收,1
古印度,4
尼泊尔,3
艺术,3
融合,1
精华,1
独具特色,2
中国式,1
白塔寺,1
1275,1
阿尼录,1
塔身,1
皆,2
荀彧,3
首席,5
谋臣,4
曹操,5
n,3
y,1
163,1
212,1
字文若,1
颍川,1
颍,1
阴,1
许昌,2
末年,1
功臣,1
王佐之才,1
甘油,9
酒精,8
运输,17
扩散,5
葡萄糖,4
红细胞,1
协助,2
离子,1
氨基酸,1
核苷酸,1
图解,1
低浓度,2
高浓度,2
一侧,3
消耗,1
能量,3
h2o,2
均,3
k,3
乙醇,1
挪威,4
森林,5
这部,4
村上春树,3
长篇,1
爱情小说,1
nadh,1
atp,1
数据,4
NADH,2
3ATP,1
ATP,1
来算,1
考研,1
指定,3
教材,1
王镜岩,1
生物化学,1
西湖,2
白堤,2
横亘,1
东西向,1
湖面,1
断桥,1
锦带,1
桥,1
止,1
平湖,1
秋月,1
刺史,1
时有,1
诗云,1
湖东,1
不足,1
杨荫里,1
沙堤,1
堤,1
3000w,3
几匹,2
制冷量,1
1.5,3
土巴兔,2
问答,3
平台,1
美的,1
匹,1
晶弥全,1
直流,1
变频,1
耗电量,1
问题解答,1
汇聚,1
希特勒,4
宗教,11
日尔曼,1
犹太人,3
日耳曼人,1
既属,1
种族,1
分属,1
信奉,2
基督教,5
普遍认为,1
基督,2
上帝,2
叛徒,1
信,1
不难,1
吕梁,3
山西省,8
柳林县,2
中西部,1
边缘,3
吕梁山,1
西麓,1
东岸,1
陕北,1
一衣带水,1
隔河相望,1
组建,1
1971,1
辖,4
257,1
行政村,2
总人口,4
32.76,1
耕地,4
36.2,1
万亩,3
及时,2
专用,44
与会者,3
一致,3
茂盛,9
繁荣,11
灰色,5
1949,6
讨论,6
一律,3
1905,2
法国人,2
总管,1
橙黄色,2
为何,1
选用,1
邮班,1
习惯,4
而定,3
设定,1
总办,1
帛黎,1
事务,1
黄绿,1
两色,1
基色,1
分手,2
小庄,2
饰演者,1
古力,1
娜,1
扎,1
现代舞,2
伊莎,1
邓肯,1
peak,2
匹克,2
一般般,1
不如,2
安踏,1
特步,1
土,1
戏剧,3
原产地,3
歌剧,2
世纪末,2
佛罗伦萨,1
1581,1
上演,1
喜剧,3
芭蕾,1
认定,2
芭蕾舞剧,1
终年,5
同一,5
栖息,2
地域,3
迁徙,4
漂鸟,1
梦,1
飞翔,2
留鸟,4
范围,1
它们,1
不因,1
习性,1
候鸟,2
迷鸟,1
它于,1
一年四季,2
常有,1
栖于,1
生殖,1
喜鹊,1
麻雀,1
对二甲苯,13
苯环,16
一氯代物,16
几种,11
甲基,3
对称,2
垂直于,1
分成,1
相同,1
四分,1
二甲苯,2
同分异构,5
体有,4
取代,3
基的,3
位次,3
123,2
124,3
间二甲苯,6
135,4
乙苯,2
三种,2
邻二甲苯,2
二种,1
溴代物,2
异构体,3
0%,1
邻,4
熔,1
沸点,3
二氯,1
代物,1
RT,1
苯,1
边型,1
对角线,2
一个角,1
乙基,1
角,1
本身,1
两边,2
个角,1
考虑,1
氯代物,1
六种,1
体,1
一溴代物,1
生成,3
炔,1
烃,1
通性,3
烷烃,1
烯烃,1
芳香烃,1
通式,1
二胡曲,8
二泉映月,9
三天,1
录下,1
阿炳,3
演奏,2
三首,2
琵琶曲,2
痛苦,1
感受,1
写照,1
宣泄,1
传世之作,1
回答者,1
zdy301,1
经理,2
四级,1
917,1
37,1
盲,1
华彦钧,1
并于,1
亲自,1
录音,1
传谱,1
阿炳现,1
留存,1
听松,1
寒,1
春风,1
曲,3
大浪淘沙,1
龙船,1
昭君,1
出塞,1
世界闻名,1
泰姬陵,2
恒河,1
亚纳,1
穆,1
河之滨,1
古典建筑,1
大理石,1
梦境,1
举世闻名,1
奇观,1
沉香,7
劈山,7
救母,8
山,9
而后,1
失传,1
元明,1
杂剧,1
劈,2
华山,3
大众,1
期盼,2
神话故事,1
宝莲灯,6
原型,6
杨戬,2
清源,1
妙道,1
真君,1
劈开,1
桃山,1
救出,1
这一,2
神话,1
演绎出,1
转型,1
阻止,1
侄子,1
冬天,2
食用,1
青菜,4
体内,2
淀粉,2
分解成,1
冻坏,1
淀粉酶,1
水解,1
变成,7
麦芽糖,2
麦芽糖酶,1
容易,4
溶解,2
冻结,1
木村拓哉,2
一大早,1
娱乐圈,1
老牌,1
smap,1
解散,4
消息,2
刷屏,1
竟然,1
究竟,1
怎么回事,1
范仲淹,12
989,4
1052,4
字希文,3
吴县,3
邠,1
彬县,2
迁居,1
谥,1
文正,1
范履霜,1
教育家,1
名臣,1
推行,1
庆历,1
新政,1
太宗,1
端拱,1
二年,2
皇佑,1
包拯,1
大话西游,7
之爱,7
万年,3
中青霞,3
一万年,3
青霞,4
温心,5
温健婷,2
深圳市,8
万年青,1
霞,1
仙子,2
紫霞,2
佛祖,1
缠,1
灯芯,1
两人,4
斗争,2
躯体,1
王源,7
大本营,1
视频,6
说过,1
邓紫棋,6
女歌手,1
男歌手,1
朴,1
美美,1
朴信惠,1
妹子,1
易,1
烊,1
千玺,1
权志龙,1
突出,2
不止一次,1
男生,2
自习室,1
擦边,1
谈到,1
擦肩而过,1
tf,1
家族,2
唯品,5
孙政才,2
会见,2
董事长,5
沈亚据,1
日报,1
下午,1
市委书记,1
兼,2
CEO,2
沈亚,3
陈淑玲,1
台北县,1
长江,1
商学院,1
工商管理,1
硕士学位,1
EMBA,1
NEM,1
进出口,1
消费类,1
电子产品,1
分销,1
经验,2
苏宁,1
近东,1
阿里,1
马云,1
京东,1
刘强,1
东唯品,1
毛子,3
白人,2
远,2
侵略,1
接触,1
俄国人,2
后来,8
清政府,1
打怕,1
不敢,1
或洋夷,1
通讯社,20
路透社,14
新闻报道,2
对象,3
国外,2
新闻,7
紧密配合,1
英国政府,1
外交活动,1
体育新闻,1
重视,1
该社,1
商情,1
报告,1
前三大,2
多媒体,1
各类,3
金融,1
128,1
参考消息,1
xinhua,1
org,1
保罗,2
朱利叶,1
斯,1
路透,4
pauljuliusreuter,1
1850,1
亚琛,1
次年,1
迁往,1
英国伦敦,1
1865,3
私人,3
扩展,2
中新社,2
美联社,1
法新社,1
德新社,1
安莎社,1
俄通社,1
塔斯社,1
澳大利亚,5
澳,1
联社,1
1916,1
改组,1
素以,1
广为,1
闻名于世,1
名义,1
企业主,1
喉舌,1
立,3
无字碑,4
以供,2
评说,4
武则天,2
头脑清醒,1
功过,1
是非,1
即使,2
刻,1
不算,1
翻案,1
她立,1
女皇,1
块,1
信用,2
三颗,4
信誉,1
钻,2
251,2
祝,12
早日,1
充到,1
心是,1
41,6
151,1
攒够,1
五颗,1
优质,3
吾爱,1
包包,1
浏览,2
1140,1
两颗心,1
90,9
九转,2
大肠,2
菜系,2
名菜,3
山东地区,1
鲁,1
桂花,2
几月,4
当,3
阳历,1
斩钉截铁,1
跟,6
花叫,1
四季,1
桂,1
百家讲坛,10
品,9
主讲人,7
风味,1
易中天,7
开讲,1
CCTV10,1
CCTV,1
演播,1
类节目,1
还原,1
替,1
辩诬,1
正说,1
重评,1
司马懿,1
纵论,1
天下,4
闲话,1
三分,2
细品,1
是非功过,1
总结,2
成败得失,1
厦门大学,1
学会,1
副会长,1
主讲,1
风云人物,1
学术,1
名嘴,1
文库,1
盐局,6
嘉,2
埔盐,1
局,1
鸡脚,1
450,1
一袋,1
梅州,1
正宗,1
特产,1
嘉埔,1
盐,2
焗,1
食品,1
滑,1
酥,1
嫩,1
低脂肪,1
色香味,2
俱佳,1
食后,1
回味无穷,1
首创,1
东江,1
锔,1
口味,2
独特,2
赞口,1
不绝,1
入齿,1
难忘,1
神洲,1
培训,1
嘉州,1
特选,1
家养,1
土鸡,1
鸭,1
爪,8
鸡爪,1
鸡翅,1
精工,1
调料,1
原滋,1
原味,1
香滑,1
爽口,1
不腻,1
石永凯,2
伏击,1
由拉风,1
传媒,1
出品,2
由国,1
建勇,1
执导,4
刘庭羽,1
徐佳,1
该剧,1
志在,1
信念,1
倭寇,1
斗智斗勇,1
最终,3
革命,3
使命,1
蒙城,11
亳州市,6
撤县,2
蒙城县,3
市政府,1
高度重视,1
申报,1
推进,1
名山,66
桑,1
辖县,1
安徽省,8
淮北,1
淮河流域,1
2091,1
截至,1
乡镇,4
办事处,1
工业园区,1
林场,1
132,1
亳州,2
双涧,1
北纬,1
33,1
东经,1
116,1
蒙,1
城东,1
大门,1
东连,1
怀远县,1
城关镇,1
南接,3
乐土,1
北靠,1
王集,1
原先,1
阜阳市,1
行政区域,1
划分,2
第一套,18
奥林,4
比克,4
雕塑家,2
米隆,1
掷铁饼,2
瓶画,1
拳击,1
神庙,1
选进,1
票面,1
这套,1
期间,2
此套,1
枚,3
雕,1
刻版印刷,1
这枚,1
五环,1
市议会,1
青年时代,1
集邮,1
结缘,1
奥运,2
专题,1
邮集,1
纪念邮票,1
珍邮,1
洪楼,7
校区,3
山东省,5
济南市,2
历城区,4
咨询电话,1
尊重,1
商业职业,1
技术,3
洪家,1
南路,7
历程,2
历下,1
分界,1
西宁,6
西宁市,2
青海省,3
科教,2
通讯,3
常住人口,2
217.79,2
增加,4
2.43,2
城镇人口,2
132.9,2
3.66,2
乡村人口,2
84.89,1
减少,2
1.23,1
城镇化率,1
61.02%,1
84.8,1
可口,6
可乐,6
可口可乐公司,3
Coca,1
Cola,1
Company,1
1892,1
乔治亚州,2
亚特兰大,2
饮料,2
48%,1
市场占有率,1
二项,1
可口可乐,4
Pemberton,1
后园,1
1886,2
含,1
兴奋剂,1
头痛,2
药,3
只卖,1
九瓶,1
夏天,1
客人,1
喝,1
状况,1
usa,3
最有,1
一间,1
实验室,1
药剂师,1
约翰,1
S,1
彭伯顿,1
试制,1
糖浆,2
助手,1
起名叫,2
干净,4
一尘不染,3
四库全书,4
下令,4
编著,3
乾隆皇帝,1
强化,1
满清,2
统治,2
文治武功,1
有所,2
书,2
删除,1
不利,1
言论,1
编撰,2
纪晓岚,1
清乾隆,2
编纂,1
1772,1
编成,2
编写,1
嘴巴,5
陆生,5
河马,5
张开嘴巴,1
成年人,1
身,1
体都,1
塞,1
不满,1
嘴里,1
长着,1
稀疏,1
獠牙,1
自卫,1
攻击,1
足以,1
粗大,1
尼罗,1
鳄,1
咬成,1
两半,1
聪明,1
海豚,6
鸟纲,1
类动物,1
鸵鸟,1
最重,1
155,1
孔子,1
龙鸟,1
距今,1
亿年,1
提议,2
相比之下,1
鲁肃,1
阵营,1
来看,1
像是,1
守策,1
进取,1
之道,2
二来,1
之所以,1
奇策,1
隆重,1
预见,1
西游记,11
火焰山,7
吐鲁番,2
出名,2
景点,2
盆地,1
北缘,3
丝绸之路,2
北道,2
早已,1
名扬天下,1
这要,1
归功于,1
吴承恩,1
古典小说,4
唐僧,1
取经,1
受阻于,1
孙悟空,2
三借,1
芭蕉扇,1
大闹天宫,2
蹬,1
倒,1
太上老君,1
炼丹,1
八卦,5
炉,1
几块,1
耐火砖,1
余火,1
世界大学生运动会,8
申办,1
持续,1
比赛项目,1
大项,2
任意,1
日到,1
口号,1
starthere,1
珠江三角洲,1
经济特区,1
洲,18
西邻,22
毗邻,3
左靠,1
右临,1
五大湖,1
密西西比河,1
北半球,1
中纬度,1
北临,4
大洲,13
隔,5
白令海峡,3
相望,9
巴拿马运河,2
南美洲,1
相邻,1
西隔,1
bcd,1
北邻,3
南邻,4
发达国家,3
发展中国家,2
北温带,2
印度洋,5
东边,2
西边,2
西亚,3
西邻南,2
北通,2
形状,2
l,2
南望,2
濒临,4
隔海,4
东北,2
东濒,2
北濒,1
南以,1
祖国,1
幅员辽阔,1
光,1
1368,1
蒙古族,3
帝国,4
成吉思汗,6
蒙古,2
鞑子,1
蓄水量,14
淡水湖,15
贝加尔湖,8
北亚,2
亚欧,1
两洲,2
淡水,1
欧亚,2
西伯利亚,1
明眸,1
1996,1
列入,2
世界遗产,1
名录,1
苏必利尔湖,1
死海,3
最低点,2
里海,1
党章,8
章,9
十八,3
党,6
程,1
总纲,4
十一个,2
章节,2
五十,4
构成,2
新党章,4
第一章,3
十一章,3
有十,1
章程,1
党员,1
第二章,1
第三章,1
中央,4
第四章,1
第五章,1
基层,2
第六章,1
干部,1
第七章,1
党的纪律,2
第八章,1
机关,2
第九章,1
贯彻,1
竞赛,1
试题答案,1
节气,2
叶剑英,2
1897,1
04,2
1986,1
叶宜伟,1
字沧白,1
梅县,1
宁德市,9
宁德,3
九地市,1
闽东,1
1999,5
中华人民共和国国务院,1
撤销,1
地级,1
福建省,3
蕉城区,5
七都镇,3
2.8,1
76,1
下辖,5
星火,1
密集区,1
潜在,1
腹地,1
352107,1
好几个,1
白菜,8
菘,3
元代,2
张机,1
伤寒,1
杂物,1
利比里亚,4
蒙罗维亚,2
黄粱美梦,9
卢生,7
住店,4
邯郸,3
黄粱,2
旅游景点,1
邯郸市,2
三十多公里,1
驱车,1
二十几分钟,1
黄粱梦,2
吕仙祠,1
古建筑群,1
占地,1
1.3,1
万平方米,1
殿宇,1
房舍,1
180,1
余间,1
依据,1
沈既济,1
传奇,5
枕中记,1
而建,1
卢生遇,1
神仙,1
此地,1
典故,2
旅途,1
客店,2
道人,1
吕洞宾,1
这家,2
卢生同,1
吕翁,1
谈话,1
连连,1
怨叹,1
穷因,1
境况,1
春梦,1
黄粱一梦,1
年轻人,2
贫困,1
进京,1
赶考,1
旅店,1
遇见,1
道士,1
cia,8
美国政府,10
情报,11
间谍,11
反间谍,9
美国国家安全局,1
NSA,2
美国联邦调查局,1
FBI,2
美国中央情报局,5
CIA,3
可靠,1
破获,1
恐怖,1
犯罪,1
刑事案件,1
守护,1
尖端,1
机密,1
例如,3
在外,1
特工,1
名单,3
高度,3
危险,1
证人,1
军事,1
武器,1
设计图,1
Central,1
Intelligence,1
Agency,1
United,1
States,1
庞大,1
情报系统,1
协调,2
兰雷,1
全球性,1
情报网,1
遍布,1
监听站,1
头号,1
情报机构,3
搜集,2
情报信息,1
利益,1
联邦调查局,1
隶属于,3
美国司法部,1
定义,1
三大,5
任务,1
秘密,7
收集,1
恐怖组织,1
情,1
情报局,4
前身,1
战略,1
蜜桃,8
餐厅,7
高圆圆,3
门脸儿,1
通透,1
落地,1
玻璃,1
每次,2
朝阳,1
大悦,1
逛街,1
路过,1
从外,1
往里,1
总心生,1
好奇,1
合开,1
本人,2
似乎,1
勾起,2
秀色可餐,1
情愫,1
食欲,1
甜蜜,1
温情,1
张杰,26
出道,23
我星,1
我秀,1
根本,1
唱片,2
欣赏,2
经纪人,1
省钱,1
骑,1
自行车,1
上班,1
选秀,4
光环,2
q,1
外人,1
眼中,1
幸运,1
我型我秀,7
拿,4
时出,1
签约,1
上腾,1
直到,1
2007,3
男声,2
可爱,2
星星,10
实力,2
征服,1
台下,1
他出,3
流年,2
火,3
成名曲,1
北斗星,1
培养,1
默默无名,1
偶而,1
会上,1
电视节目,1
湖南台,1
这下子,1
ochirly,3
欧时力,3
实际,2
几佰至,1
千元,1
哪款,1
购物网,1
赠,1
积分,1
最新,4
单品,1
配搭,1
新宠,1
折扣,1
优惠,1
时尚女装,1
官方网站,1
逢,1
周三,1
正品,1
保证,1
天无,1
理由,1
退货,1
几线,5
单列,1
相比,1
繁华,1
二线,6
毕竟,1
大城市,2
计划单列市,1
制订,1
地方性,1
权限,1
宁波市,1
发达,2
甬,1
现代化,1
港口城市,1
连续,1
蝉联,1
文明城市,1
院士,6
因有,1
北仑港,1
北仑区,1
年代,12
沿海,3
开放,1
Android,1
客户端,1
BB,1
炽炎,1
战斧,1
改动,1
原画,1
最强,1
请假,1
连休,1
违规,2
贴,3
反馈,1
通道,1
信息处理,1
公示,1
协议,1
七条,1
底线,1
头孢,9
替安,4
第几代,3
噻乙氨唑,2
头孢菌素,4
噻,2
乙胺,2
唑,2
噻四唑,1
Cefotiam,1
Cefotiamum,1
Ceftiazole,1
替安为,1
第二代,3
制剂,1
盐酸盐,1
并加,1
无水,2
碳酸钠,1
替安是,1
抗生素,2
头孢类,1
顺德区,11
胜威,1
南桂和荣,1
佛山市,6
注意,1
格式,1
童年,7
国名,1
粤,1
接,2
番禺,4
五区,1
0765,1
编办,1
通报,1
省直管,2
试点,1
拉开,1
改革,3
序幕,1
528305,2
容桂海尾,2
顺德,1
佛山,1
姜,9
卫国,4
柔柔,5
详情,1
宋茜,3
陈静,1
姝,1
养女,1
汪璇,1
亲女,1
明朗,1
爽快,1
善良,2
李一情,2
剧照,2
曝光,5
引,2
围观,2
这位,2
童星,2
片花,2
大赞,2
有戏,1
永寿县,2
咸阳市,1
偏西,2
渭北,1
高原,1
南缘,1
东隔,1
泾河,1
淳化县,1
旬邑县,1
礼泉县,1
乾县,2
西接,1
麟游,1
北连,1
店头,1
仪井二,1
关头,1
吴店,1
飞地,1
韩剧,3
魔女,7
幼熙,6
韩佳人,4
马幼熙,3
熙,1
金正勋,1
丹尼斯,1
胆识,1
结合,2
魅力,2
女人,3
好看,2
好几遍,1
男主是,1
豪杰,1
春香,1
李梦龙,1
超帅,1
增长率,8
2000,9
7.27,1
人口密度,1
近于零,1
甚至,1
负增长,1
94,1
总数,1
仅次于,1
最少,1
读图,1
数量,2
lzh,4
游泳,2
场所,3
简写,2
南大,1
吕志,2
游泳馆,5
室内,2
温水,2
南京市,2
十佳,2
天门,6
广场,9
纪念碑,6
人民英雄纪念碑,9
天安门广场,2
方形,1
3000,1
碑,1
37.94,1
碑座,1
两层,1
环有,1
汉白玉,1
栏杆,1
四面,1
台阶,1
地面,1
相通,1
底层,2
宽为,1
50.44,1
南北,2
61.5,1
英文翻译,1
afreestandingnon,1
buildingcommemorationmonument,1
amemorialstone,1
acenotaph,1
amemorial,1
amonument,1
北京天安门广场,1
背面,1
起草,1
周恩来,1
碑文,1
人民解放战争,2
牺牲,2
英雄,3
永垂不朽,2
三十年,1
上溯,1
一千八百,1
四十,1
魏晋,15
名士,12
嵇康,22
临刑,16
弹奏,15
绝世,11
琴曲,14
尤其,1
索弹,2
广陵散,7
古典,2
阮籍,1
临死前,1
刑场,1
之作,2
汉魏,2
司马氏,2
专政,2
遭,2
杀害,2
从容,2
此曲,4
现有,2
琴谱,2
神奇,3
秘谱,2
技巧,2
据书载,1
能弹,1
神气,2
不变,2
但曲,1
心声,1
以此,1
曲来,1
发泄,1
心中,1
评品,1
之时,1
难道,2
积郁,1
胸中,1
不平,1
冲冠,1
发怒,1
报剑,1
尽兴,1
那种,1
激情,1
豪迈,1
愤怒,1
慷慨,1
融入,1
表明,1
索琴弹,1
勿,2
猜疑,2
选士,2
世人,2
面前,2
有口皆碑,2
不可或缺,2
抚琴,1
司马昭,1
红圈,1
因善弹,1
闻名,1
一时,1
刑前,1
从容不迫,1
索琴,1
慨然,1
长叹,1
于今,2
绝,2
矣,2
奏,1
广陵,1
曲终,1
曰,2
袁孝尼尝,1
学此,1
散,1
靳固,1
名声大振,1
国旗,6
土耳其,6
星月,1
骑士,1
土耳其共和国,2
文,2
T,1
rkiye,1
Cumhuriyeti,1
The,1
Republic,5
Turkey,3
横跨,1
黑海,4
叙利亚,1
伊拉克,3
爱琴海,1
居民,5
99%,1
伊斯兰教,3
逊尼派,1
1%,1
亚美尼亚,1
东正教,2
犹太教,1
天主教,1
四颗,1
小星星,1
接近,1
科摩罗,1
一路顺风,11
台湾歌手,6
吴奇隆,6
首张,1
追风,1
总有,1
鼓励,1
谱子,1
改编,1
粤语版,1
谭咏麟,1
李国祥,1
多个,1
制片人,2
出品人,1
梁祝,2
萧,2
十一郎,2
少年王,2
步步,2
惊心,2
年份,1
备注,1
1993,1
下去,1
陈志朋,3
舍不得,1
年泳儿,1
蔡明,2
悄开,1
专场,1
霸道,1
深情,1
四爷,1
当初,1
当兵,1
服兵役,1
送行,1
小虎队,1
李子,1
恒,1
经典歌曲,1
唐德宗,1
建中,1
782,1
随父,1
白季庚,1
苻,1
从小,1
刻苦,1
十几岁,1
写出,1
五月天,2
混在,1
加精选,2
这张,1
新专辑,1
新歌,1
概念,1
精选,1
多首,1
首次,1
近期,1
各大,1
电台,1
电视台,1
热播,4
白俄罗斯,8
乌克兰,4
领导人,2
背着,1
戈尔巴乔夫,1
明斯克,4
会晤,1
万多平方公里,1
莫斯科,1
207600,1
整体实力,1
白俄,1
新余,1
新余市,2
土壤,1
地形,1
种植,1
油茶,1
世上,2
人种,5
哪种,2
白种人,3
黄种人,2
35%,1
通行,2
三分法,1
大人,1
蒙古人种,1
欧罗巴人种,1
尼格罗,1
澳大利亚人,1
黑种人,1
高加索,1
54%,1
钟汉良,3
唐嫣,3
何以,3
笙箫,2
默,2
改编自,1
顾漫,2
原著,4
人气,1
剧酷,1
传播,1
墨宝,1
非宝,1
编剧,1
领衔主演,3
琛,1
赵默笙,1
奖杯,8
杯,6
刚刚,2
大力神杯,4
雷,2
米特,2
二座,1
名为,3
国际足联,3
七个,1
多名,1
递交,1
53,1
设计方案,1
西尔,1
维奥,1
加萨尼加,1
silviogazzaniga,1
海到,2
无边,2
天作岸,2
山登,2
绝顶,2
为峰,2
林则徐,1
朗朗,1
而诵,1
石获,6
68,1
桥西区,4
驻,2
广播电视,1
直属,1
教育厅,1
050080,1
0050080,1
单号,2
359050080,1
179,1
209050080,1
阿拉伯湾,8
海湾,11
海湾地区,3
波斯湾,9
东向南,1
围绕,1
伊朗,3
科威特,2
巴林,2
卡塔尔,2
阿拉伯联合酋长国,4
阿曼,2
481,1
阿拉伯人,4
波斯,1
内海,2
阿拉伯海,2
伸入,1
伊朗高原,2
阿拉伯河,2
河口,3
霍尔木兹海峡,1
970,1
多千米,1
338,1
24.1,1
水深,3
沿岸,2
Persian,1
Gulf,1
通称,1
山西,17
五台山,20
峨眉山,13
九华山,13
普陀山,24
文殊,8
菩萨,21
观音菩萨,4
普贤,6
地藏,4
文殊师,1
利,1
观世音,1
地藏王,1
五台县,5
道场,7
峨眉山市,1
舟山市,4
青阳县,2
五大,3
常,2
国际性,1
道常,1
峨眉,2
东海,2
莲花,1
洋上,1
普陀县,1
它位,1
五岳,1
东岳泰山,1
南岳,1
衡山,1
湖南省,1
西岳华山,1
北岳,1
恒山,1
中岳,1
嵩山,1
五台,1
银,1
九华,1
铜,2
普陀,1
铁,1
历史悠久,1
活动场所,1
首,2
首批,2
重点,2
风景,2
名胜区,2
海天,2
佛国,2
南海,3
圣境,2
当代,8
花腔,9
女高音,8
歌唱家,8
吴霜,6
早年,3
留美,2
西乐,2
光明,2
三部曲,5
别为,3
相貌,3
发愁,3
出示,1
留学,2
次数,1
本周,1
驾临,1
金声玉振,1
带来,1
幽默,1
盛宴,1
评剧,1
表演艺术家,1
新凤霞,1
吴祖光,1
最浅,11
海,56
导读,1
亚速海,7
克里木,1
隔离,1
长约,2
340,2
37600,1
深度,4
最深处,5
seaofazov,2
thelowestintheworld,2
内陆海,2
两国之间,2
刻赤,2
相连,4
38000,2
米兰,1
加油,1
2647,1
梅花鹿,11
国家一级,5
驯养,1
鹿,3
同样,1
享有,2
买卖,1
饲养,1
林业部门,1
大熊猫,1
物种,4
联盟,2
红皮书,1
濒危,1
140,3
170,1
肩高,1
85,1
头衔,4
超越,5
邓亚萍,6
世界冠军,8
乒乓球,6
选手,6
王楠,4
张怡宁,2
单打,2
特殊,2
96,2
增设,1
女子单打,1
97,1
退役,1
不来梅,1
世乒赛,1
女团,1
油菜,4
繁殖,4
后代,2
油菜籽,3
下一代,1
张子栋,5
沈腾演,2
人见人爱,3
沈腾,5
王琦,3
赵丹,2
刘小光,1
搓澡工,1
郝建,1
搞笑,3
令人感动,1
认清,1
脚踏实地,1
谱,1
生存之道,1
德州,3
德州市,1
风筝,8
博物馆,7
座落在,7
煤海,1
潍坊,4
潍城,1
白浪河,1
崖岸,1
占地面积,1
一万三千,1
建筑面积,1
八千,1
一百,1
建筑造型,1
选取,1
龙头,1
蜈蚣,2
屋脊,1
陶瓷,1
巨龙,2
托于,1
孔雀,2
琉璃瓦,1
屋顶,1
似,2
蛟龙,1
遨游,1
长空,1
击荡,1
九霄,1
碧螺春,1
绿茶,1
暇,4
步士,4
巴吉度,5
招牌,1
耳朵,2
看上去,2
很长,1
有点像,3
不纯,1
那点,1
猎犬,1
安静,1
犬,1
发福,1
不爱动,1
吃货,1
食物,1
奖励,3
诱导,1
训练,1
明智,1
好养,1
特矮,1
但能,1
长得,3
特大,1
流行,2
就算,1
品质,1
太少,1
腊肠,1
劝,1
WriterFrom,1
61.51,1
蜕变,1
张靓颖,4
成名,1
秘史,1
酒吧,1
如何,2
炒作,1
新庙,6
苏柳英,1
鄂州市,4
女孩,2
丁梅,2
一旁,1
哭诉,1
小工,1
不久前,1
工地,1
摔成,1
重伤,1
治病,1
瘫睡,1
床上,1
鄂城区,3
凤凰,2
古楼,2
西山,3
樊口,1
泽林镇,2
杜,2
山镇,3
石,3
镇碧石,1
渡镇,1
汀,1
祖镇,1
燕矶,2
杨叶,1
镇花,1
湖镇,1
沙窝,1
行政区划,1
三区,2
华容区,1
梁子湖区,1
碧石渡,1
汀祖,1
承德县,4
喀喇沁旗,1
辽宁省,1
建平,1
凌源,1
两县,1
交界,1
平泉县,2
隆化县,2
4317,1
142,1
覆盖率,1
承德,1
清王朝,1
鼎盛时期,1
京师,1
陪都,1
解放初期,1
为原,1
热河省,1
今为,1
省辖市,1
辖八县,1
滦平县,1
兴隆县,1
宽城,1
自治县,1
丰宁满族自治县,1
围场满族蒙古族自治县,1
双桥区,1
双滦区,1
鹰手营子,1
矿区,1
结冰,9
变化,11
水到,1
冰,1
物理变化,6
相变,1
形态,2
水蒸气,1
状态,3
微观,1
角度,1
水分子,2
间隙,1
变大,2
排列,1
依旧,1
氧原子,1
氢原子,1
发生变化,1
重量,1
赢得,2
乒乓,1
荣国团,1
多特蒙德,1
传来,1
喜讯,1
运动员,2
容国团,1
连闯,1
八关,1
所向披靡,1
终于,1
男子单打,1
光荣称号,1
薛平贵,2
王宝钗,1
流下,1
一滴,3
泪是,1
王宝钏,1
片尾曲,1
出唱,1
赵芸涵,1
等到,3
春红,1
褪,1
夏绿摧,1
泪,1
满腹,1
辛酸,1
诉,1
往事,1
不堪,1
回味,1
蹴鞠,4
盛行,1
鞠,1
胚胎,1
簇,1
鞫,1
古时候,1
一项,1
源远流长,1
球类,1
游戏,9
传到,1
成,5
希腊人,1
李彦宏,8
度,3
身价,1
飙升,1
robin,1
搜索引擎,3
ceo,2
徐勇,4
中关村,2
致力于,2
依赖,2
功夫,5
晶晶,6
童,1
李诚洁,1
马苏,3
饰姚,2
开心,3
王洋饰,2
浦少杰,2
赵阳饰,2
张乐星,2
李诚洁饰,2
于晓光饰,2
杜润南,2
张谦饰,2
郭,2
顶天,2
爱娃饰,2
郭亚娇,2
林栋甫饰,2
浦西,2
李俸旭饰,2
范楚玉,2
肖荣生,2
姚军,2
ma,1
vnm,3
Viet,6
Nam,6
VN,3
VNM704,2
共和国,3
Socialist,3
TR,1
TUR792,1
土库曼斯坦,1
Turkmenistan,1
TM,1
TKM,1
赞比亚,2
三位,2
阿尔巴尼亚,1
VNM,1
贾玲,2
奔跑,2
几期,1
兄弟,10
第四季,1
第二期,1
2221,1
嘉宾,1
林允,1
马思纯,1
张钧,1
甯,1
何穗,1
家庭教师,1
结束,1
日常,2
黑曜篇,1
指环,1
彩虹,4
初代篇,1
决战,1
继承,1
符草楼,7
忙,1
地里,1
麦,1
家住,1
周口市,3
太康县,3
陆湾村,1
李之群,2
忙碌,1
村里,2
少有,1
大学生,1
退休金,1
试验,1
关键人物,1
王庄,2
顺企网,1
黄页,1
联系电话,1
6792101,1
党委书记,1
施恩,1
蓉城,10
锦官城,2
锦城,1
德阳,1
眉山,1
雅安,1
阿坝,1
横距,1
192km,1
纵距,1
166km,1
幅员,1
12390k,1
蓉,1
蜀,1
偏爱,1
芙蓉花,1
老百姓,1
城墙,1
上遍植,1
芙蓉,1
少城,1
芙蓉城,1
天府之国,1
天王,9
八庙,1
宝鸡市,2
陈仓,5
关中,1
北麓,1
渭河,2
全村,1
小组,3
830,1
户,3
3500,1
口人,1
实有,1
耕地面积,1
4215,1
亩,2
人均,2
1.2,2
概况,1
镇政府,1
虢,1
310,1
国道,3
过境,1
该镇,1
解放思想,1
抓手,1
掀起,1
项目,1
热潮,1
有力,1
促进,1
全镇,1
干部队伍,1
解放,7
作风,1
转变,1
加快,1
镇域,1
亮点,1
广西壮族自治区,1
南宁市,2
邕,1
邕城,1
李商隐,6
813,1
858,2
字义,2
玉溪,2
樊南,1
晚唐,3
杜牧,2
齐名,7
李杜,2
合称,1
812,1
怀州,1
河内,1
沁阳,1
吴秀波,17
圈外,2
人士,3
姐弟恋,1
婚后,1
美满幸福,1
吴秀波生,2
一夫一妻制,1
女士,2
北京机场,1
戴,11
墨镜,1
迎接,1
现身,1
滑雪场,1
宝贝儿子,1
前来,1
练习,3
滑雪,1
天气,2
寒冷,1
不得不,2
全副武装,1
上阵,1
大叔,2
时光,1
尚洁,2
现年,1
51,1
波叔,1
尚洁为,1
一家人,1
美满,1
34,1
热,1
有过,1
几任,1
宿松县,4
安庆市,2
1.54,1
桐城市,1
怀宁县,1
枞阳县,1
潜山县,1
太湖县,1
望江县,1
岳西县,1
迎江区,1
大观区,1
宜秀区,1
604,1
池州市,1
8272,1
贵池区,1
东至县,1
石台县,1
风景区,1
154,1
哈佛,3
辍学,2
软件,4
微软公司,4
比尔,2
盖茨,2
计算机,1
编程设计,1
哈佛大学,1
退学,1
1975,1
比尔盖茨,2
艾伦,1
零丁洋,7
文天祥,4
1279,1
正月,1
时所作,1
诗中,1
概述,1
身世,2
命运,2
慷慨激昂,1
爱国热情,1
视死如归,1
高风亮节,1
舍生取义,1
人生观,1
传统美德,1
现实,1
军民,1
抗击,1
元军,1
情景,1
写得,1
沉郁,1
悲壮,1
感人至深,1
今存,1
全集,1
正气歌,1
名篇,1
世所,1
传颂,1
微笑,4
pasta,2
沈怡,1
丁仰国,1
偶像剧,1
王心凌,1
栋梁,1
泰国,5
最毒,6
蛇,5
毒蛇,3
蛇药,2
真的,4
超级,2
好用,2
金刚,3
眼镜蛇,3
不愧,2
各位,2
同志,4
试一试,2
效果,1
解毒,1
丹,1
蛇毒,2
致命,2
毒液,2
三分钟,1
效用,1
提取,1
制造,1
抗毒血清,1
药品,1
取之不尽,6
用之不竭,6
口水,4
脑水,1
星级,12
酒店,21
迪拜,5
burjal,2
arab,2
饭店,1
实在,1
太过,1
远远,1
五星,1
只好,1
破例,1
顶级,1
奢侈,1
帆船,2
外层,1
双层,1
玻璃纤维,1
阳光,2
耀眼,1
burj,1
泊瓷,1
阿拉伯塔,1
芝加哥,1
海滩,3
宾馆,2
竣工,1
300,1
人工岛,1
中东地区,1
建筑物,1
林芝县,3
西藏,5
喜马拉雅山脉,1
念青唐古拉山脉,1
横空出世,1
由西向东,1
平行,3
伸展,1
横断山脉,1
对接,1
群山环绕,1
之势,1
中国西藏自治区,1
林芝地区,3
静卧在,1
这三大,1
山脉,1
怀抱,1
昌都地区,1
山南地区,1
那曲地区,1
阿里地区,1
市有,1
拉萨市,1
日喀则市,1
建制,1
散文,4
寄小,4
读者,5
繁星,2
春水,2
冰心,3
谢婉莹,1
女作家,1
诗集,1
短篇小说,1
超人,1
散文集,1
小桔灯,1
造诣,1
单项,1
选择题,1
赴美,1
前夕,1
旅美,1
一组,1
朱自清,1
自华,1
字佩弦,1
号秋实,1
享年,3
舍予,5
京派,1
66,1
姓氏,2
拆为,2
戏剧家,1
北京城,1
贫民,1
市民,1
环境,3
长大,1
茶馆,1
龙须沟,1
兰州,10
省城,1
拉面,1
兰州市,1
尖峰,1
时刻,1
黑人,1
克里斯,1
塔克,1
Chris,3
Tucker,3
克里斯塔,3
1972,1
1973,2
三部,1
雾,1
雨,1
电,1
激流,1
秋,1
混淆,1
浪漫,1
气氛,1
雾雨电,1
光纤,8
高锟,3
工程院,3
外籍,2
耕耘,1
开拓性,1
催生,1
光纤通信,1
高速公路,1
迅猛发展,1
始料不及,1
世界性,1
声誉,1
冠以,1
赵梓森,1
年满,5
周岁,6
能学,3
开车,5
拿架照,3
驾照,5
想学,1
请教,1
留意,1
平时,1
找个,1
空旷,1
没什么,1
明年,1
才能,2
路考,1
取得,1
满,2
拿到,1
舟山,4
舟山群岛,7
1390,1
小岛,3
形似,1
苍龙,1
卧海,1
近,2
沈家门,3
隔海相望,4
渔港,2
东侧,2
杭州湾,1
以东,1
海里,1
钱塘江,1
系,1
洛迦山,1
朱家尖,1
海上,1
仙山,1
虚无缥缈,1
间,2
神圣,1
神秘,1
驰誉,1
中外,1
旅游胜地,1
之东,1
本岛,1
岸距,1
戒指,6
食指,6
左手,2
赐给,1
运气,1
戴法,1
未婚,2
大拇指,1
不戴,1
中指,1
订婚,1
小指,1
独身主义,1
有情人,1
石昊,3
火灵儿,1
戏楼,11
内德,2
慈禧太后,1
戏迷,1
今日,1
保留,1
京剧,1
上花,1
贾岛,6
苦,4
吟诗,4
颇,7
苦吟,1
追求,2
清奇,1
冷峭,1
意境,1
著称,1
重,2
炼字,1
郊寒岛瘦,2
其诗,2
流派,2
贾岛诗,1
张为,1
主,1
唐开成,1
840,1
61,1
深远,1
799,1
843,1
字浪仙,1
一作,1
阆,1
仙,1
范阳,1
琢县,1
遣词造句,1
刻意求工,1
世称,1
怒,1
阎婆惜,2
宋江,1
第二十一回,1
虔婆,1
唐牛儿,1
宋江怒,1
国库,3
金库,1
支库,1
经收处,1
专业银行,1
平安,4
杨坤,2
张赫宣,1
那英,1
声音,5
学员,1
组,1
四名,1
金志,1
关喆,1
丁丁,1
滁州市,7
会峰,6
东路,6
琅琊区,3
详细信息,1
相应,2
省市区,1
县及,1
机动车,1
交易,1
二手车,1
送,5
鲜花,1
蛋糕,1
巧克力,1
先花网,1
花店,1
养生堂,1
天然,1
咀嚼片,1
粒,1
VC,1
睡眠,1
面膜,1
盒,1
调节,1
免疫,1
客户,1
单,1
162583654,1
票据,1
包装,1
1179,1
按揭,6
几台,2
担保,3
银行,1
代了,1
万元,1
万多,1
逾期,1
担,1
办下,1
贷款,1
审查,1
相似,1
律师,1
咨询,2
信用卡,1
调成,1
调和,2
间色,1
紫色,1
橙色,1
三原色,1
深灰色,1
假如,1
变浅,1
武大郎,4
设宴,4
高朋满座,4
zu,1
坐满,1
席位,1
宾客,1
语出,2
王勃,1
滕王阁,1
序,1
十旬,1
休假,1
胜友如云,1
千里,1
逢迎,1
近义,1
几零后,3
年青,1
写手,1
富有,1
朝气,1
活力,1
一代,1
殿下,3
一般来说,1
初音,2
棉是,4
4D,2
棉,1
新型,2
环保型,2
非织造,4
立体,4
缔星,1
研发,1
海绵状,1
三维,2
构造,2
纤维网,6
蜂窝状,2
不同于,2
小提琴,8
乐器,6
弦乐器,2
最具,2
份量,1
在于,1
辉煌,1
表现力,1
四条,2
弦,2
弓弦乐器,3
提琴,1
该族系,1
中提琴,1
大提琴,1
低音提琴,1
管弦乐团,1
弦乐,1
组中,1
意大利文,1
ilviolin,1
符号,4
极为重要,2
由古,2
种鱼,1
121,1
山重水复,1
疑无路,1
男高音,1
帕瓦罗蒂,1
最远,1
燕鸥,1
阿里巴巴,1
龙,6
要说,1
最高级,1
海龙,1
亲爱,1
qq163,1
zxy,1
五爪,1
龙袍,1
蟒,2
朝服,1
从五爪,1
一爪,1
界别,1
辈份,1
递降,1
罗大佑,4
张艾嘉,1
58,1
校园,1
词曲作者,1
首歌曲,1
学子,1
炮,5
瞄,5
雷达,6
scr,3
268,2
探照灯,1
照射,1
目标,4
引导,1
高射炮,2
射击,3
1943,1
研制,1
圆锥,1
扫描,1
自动,1
微波,1
584,1
瞄准,1
美国陆军,1
通信,1
队于,1
研制成功,1
蚂蚁,20
几只,9
有六足,2
昆虫,5
六足,2
常见,1
一类,1
识别,1
体小,1
0.5,1
3cm,1
褐,1
黄,1
体壁,1
具,1
光滑,1
口器,1
咀嚼,1
式,1
上颚,1
胸腹,2
三段,2
胸区,2
有长,2
步足,1
只脚,2
走多快,1
那样,1
多脚,1
追不上,1
动物界,1
力士,1
拖动,1
几倍,1
脚力,1
惊人,1
六个,1
脚新,1
手上,1
呵呵,1
头上,1
触角,1
两根,1
触须,1
身子,1
条腿,1
六条,1
腿,1
六只,2
画圣,2
吴道子,1
人物画,1
酒圣,1
杜康,1
少康,1
酿酒,1
术,1
武昌起义,2
孙中山,3
科罗拉多州,1
1911,1
一再,1
致电,1
催促,1
马赛,1
乘船,1
回国,2
抵达,1
1912,1
就任,1
临时,1
大总统,1
USA,2
美利坚合众国,1
赵丽颖,6
英文名字,4
Zanilia,2
碧瑶,1
鬼王,1
宗,1
宗主,1
敢爱敢恨,1
出众,1
海报,1
一手,1
伤心,2
手持,1
合欢,1
铃,1
长发,1
飘动,1
气质,1
出尘,1
zanilia,1
原谅,1
小编,2
小刀,1
砸,1
俩,1
哈哈哈哈,1
颖宝,1
好羡慕,1
王思雅,1
柳,1
欣欣,1
Angelababy,1
资源,1
蹭,2
上涨,1
赵丽颖前,1
刚,1
嘲,1
急求,1
网球王子,2
中手,1
冢,2
国光,2
越前,1
龙马,1
川,1
纯子,1
置,1
鲇,1
龙太郎,1
梁铜,9
风云,7
少将军官,2
有梁,1
雪松,1
谍战剧,1
张铎,2
徐百卉,1
文中,1
二十世纪,2
四十年代,1
稳固,1
一己之私,1
投奔,1
私下,1
议和,1
签订,1
雅尔塔,1
密约,1
这次,1
深入,1
高层,1
潜伏,1
谍战,1
鲁迅,4
纲要,1
中称,1
赞誉,1
史学界,1
天龙八部,7
1924,2
查良镛,1
新闻学,1
企业家,1
评论家,1
社会活动家,1
中国作家协会,1
名誉,1
笑傲江湖,1
1969,1
连载,1
明报,1
著名作家,1
武侠,1
著于,1
王沙路,4
首先,3
惜福,1
夏庄,2
正阳,1
交界处,1
城阳区,2
正东,1
1022,1
家园,1
二期,1
青岛市,1
266106,1
在线,1
留言,1
福永,12
宝安区,6
兴益路,1
社区,4
北部,3
邻近,2
107,2
辖区,2
9.8,2
年末,2
6.9,2
户籍,4
434,2
1071,2
街道办,1
永和,2
42,3
鐧,1
惧害,1
鍦,1
板,1
浘,1
518103,2
福围,1
汉朝,7
废除,7
肉刑,8
汉文帝,4
最先,1
刘恒,2
202,1
157,1
少帝,1
167,1
刑制,2
文帝,1
施加,1
罪犯,1
或犯,1
过者,1
肉体,1
惩罚,1
荀子,1
正论,1
治古,1
象刑,1
硫酸铜,6
溶液,5
固体,2
五,3
水合,1
晶体,1
液体,1
哈瓦那,39
加勒比海,3
渡假,1
区要,1
维达,1
vedado,1
1607,1
殖民地,2
新世界,1
古瓦,1
lahabana,4
古巴共和国,4
havana,2
旧称,2
sancrist,2
baldelahabana,2
220,2
2200,1
西印度群,1
岛中,1
旧城,1
城堡,1
北岸,4
扼,1
佛罗里达海峡,1
佛罗里,1
签署,4
黑奴,6
宣言,6
总统,5
当选,1
南北战争,1
亚伯拉罕,2
林肯,3
Abraham,1
Lincoln,1
1809,1
奴隶,1
theemancipationproclamation,1
份,1
主张,1
美利坚,1
邦联,1
叛乱,1
豁免,1
脱离,1
联邦,2
边境,1
掌控,1
诸州,1
对望,2
放羊,2
林志颖,2
henry,1
枼,1
专辑名称,1
原声带,1
福茂,1
加热,3
多少度,2
沸腾,4
初温,1
外界,1
温度,1
标准大气压,2
摄氏度,3
水在,1
气压,2
升高,1
沸点升高,1
降低,2
梅西,8
籍,1
国家队,1
出战,1
双重国籍,1
巨蟹座,1
圣菲省,1
罗萨里奥,1
司职,1
兼任,1
攻击型,1
中场,1
效力,1
俱乐部,1
三皇五帝,2
三皇,2
天皇,2
地皇,2
泰皇,1
本记,2
人皇,1
补,2
燧人,1
伏羲,3
神农,3
尚书,1
大传,1
女娲,1
运斗枢,1
黄帝,1
卦,1
日震,1
雷之象,1
万物,1
震,1
扬天,4
一体机,5
联想公司,1
smb,1
soho,1
量身定做,1
首款,1
商用,1
一体,3
苹果电脑,1
电脑公司,1
联想,2
神州,1
戴尔,1
方正,1
惠普,1
机身,1
7cm,1
像框,1
升降,1
底座,1
显示器,5
悬臂,2
挂墙,1
四种,1
总集,3
全唐诗,5
编于,2
初年,2
编修,2
汇集,2
全书,1
九百,1
卷,1
集子,1
一日,2
绕,2
自转轴,2
地轴,2
转动,2
周口,20
师范学院,17
几本,12
考生,3
三本,4
疑问,1
招生,1
批次,1
前要,1
生源,1
归属,1
地去,1
差一点,1
跟不上,1
Zhoukou,1
Normal,1
University,1
一所,1
省属,1
普通本科,1
高校,1
历经,1
师范学校,1
师范,2
专科学校,2
高等,1
年经,1
教育部,1
升格,1
本科,1
小女子,1
先谢,1
邢台,8
邢台市,2
有点,1
安徒生,5
美人鱼,6
徒生,1
王子,1
什么游戏,3
绝地,3
求生,3
五五开,1
每天晚上,1
玩,2
LOL,1
凌晨,1
会播,1
大腿,1
抱,1
丑丑,1
大逃杀,2
新颖,1
玩法,3
超,1
刺激,1
人数,1
超多,1
编为,1
鸡类,1
手机游戏,1
感兴趣,1
试玩,1
说起,1
火热,1
火线,1
策略,1
梗,1
忽必烈,6
元,3
部落,1
首领,1
金代,1
郭县,3
查找,1
通州区,1
本站,1
特区,1
色戒,3
张爱玲,2
和服,4
民族服装,3
旗袍,1
民族服饰,1
叶子,2
回归,2
根用,2
落叶归根,1
叶落归根,1
本草,6
何人,1
李时珍,6
宰相,1
一职,1
始于,1
正月初一,1
吃饺子,1
习俗,1
中医,1
药物学,1
登峰造极,1
药典,1
中华文明,1
风采,1
经典著作,1
本书,1
最能,1
医药,1
学家,1
医学家,1
博物学家,1
所撰,1
药学,2
巨典,1
一伏,2
常说,1
马累,8
马尔代夫,3
Male,1
岛上,1
海拨,1
平均气温,1
降水量,1
小苹果,14
筷子,9
肖央,1
王太利,2
屈,1
菁菁,1
男孩,2
猛龙过江,1
宣传,5
47,1
链接,1
甚么,1
该曲,1
612,1
二郎神,6
太,1
难看,1
听,3
焦恩俊,3
配音演员,1
配,1
音,1
查,1
看来,1
别人,1
最新版,1
孙天路,1
tianlusun,1
吉源,7
几,3
西安,4
首页,1
Jiyuan,1
Hotel,1
长安区,1
西长安街,2
555,2
豪华型,1
贴心,1
恭侯,1
莅临,1
投资,1
5.3,1
亿元,1
兴建,1
餐饮,1
客房,1
SPA,1
3D,1
KTV,1
千人,1
宴会厅,1
高档,1
购物,1
商城,1
五星级,1
业内,1
评估,1
6.5,1
7.5,1
7.3,1
号吉源,1
政法大学,1
长安,1
正对面,1
朝,3
王焕,1
译文,1
夕阳,1
依傍,1
慢慢,1
沉没,1
滔滔,1
朝着,1
汹涌,1
奔流,1
畅当,2
迥临,1
飞鸟,1
高出,1
世尘,1
天势围,1
平野,1
入断,1
河东,1
永济,1
儒士,1
官宦,1
世家,1
畅,1
璀之子,1
黄鹤楼,1
意志,5
不可动摇,4
坚韧不拔,4
韧,1
折不断,1
心如铁石,1
sh,1
象,1
铁石,1
坚硬,1
心肠硬,1
或意,1
不懈,2
无邪,1
恒心,1
泰山,2
松竹梅,1
壮士,1
断臂,1
破釜沉舟,1
撼,1
难,1
驷马难追,1
岁寒三友,1
牢不可破,1
坚如磐石,1
坚不可摧,1
矢志不移,1
贫贱不移,1
旅游业,7
第三产业,1
服务业,1
综合性,5
集行,1
游,1
购,1
娱等,1
同一个,1
目的地,1
服务性,1
分支,1
假期,1
严重,1
鞋码,3
245,3
几码,3
码,3
24.5,1
数最多,4
三教,1
信仰,2
熟记,1
查尔斯,1
卓别林,3
令人羡慕,1
夺目,1
银幕,1
喜剧演员,2
电影史,1
身兼,1
反战,1
出色,1
查理,1
影片,1
几号,6
农行,1
房贷,1
账单,1
每月,1
收到,1
首付,1
小户型,1
博罗县,1
契税,2
二手房,1
过户,1
毛坯房,1
卫生间,1
地铁,6
号线,6
32.5,1
站,3
客村,1
昌岗站,1
越秀,1
公园,1
解决,1
孙子兵法,10
十三篇,3
目录,2
计篇,1
兵者,1
国之,1
死生,1
存亡,1
不可不,1
作战,1
凡,1
用兵,1
驰车,1
千,1
驷,1
革车,1
千乘,1
带甲,1
十万,1
做出,1
略解,1
军事战略,1
理论,2
实践,2
相结合,1
完备,1
几篇,1
孙武,1
至前,1
由齐,1
重臣,1
伍员,1
举荐,1
阖,1
闾,1
进呈,1
所著,1
兵法,1
重用,1
爱死,7
昨天,6
李慧珍,3
07,1
王者,4
荣耀,3
两周年,1
脑力,2
风暴,1
不停,1
每日,1
对战,1
钥匙,1
全队,1
碎片,1
限定,3
皮肤,3
牡丹亭,3
马桶,17
湖南卫视,11
芒果,2
mama,1
颁奖典礼,1
Bigbang,1
维修,1
试水台,1
台是,1
哪台,1
稀硫酸,12
溶质,10
硫酸,9
水溶液,1
溶剂,3
水是,1
制取,1
浓硫酸,1
稀释,1
兑水,1
咯,1
水为,1
灭火器,4
扑救,3
时要,3
对准,5
火焰,5
部位,2
喷射,4
根部,2
压制,1
火源,2
向上,1
升腾,1
烟气,1
迷惑,1
喷嘴,1
摆动,1
由远,1
直至,1
扑灭,1
蓬元帅,7
调戏,8
被贬,9
嫦娥,5
猪八戒,2
本是,1
仙界,1
醉酒,1
下凡,3
好吃懒做,1
见识,1
短浅,1
搬弄是非,1
耍,1
小聪明,1
说谎,1
小便宜,1
贪恋,1
女色,1
当众出丑,1
不失,1
忠勇,1
淳朴,1
憨厚,1
自有,1
来历,1
天庭,1
八万,1
天河,1
水兵,1
蟠桃会,1
喝酒,1
醉后,1
月宫,1
美貌,1
霓裳,1
千锤,1
投错,1
胎,1
模样,1
入赘,1
高老庄,1
进化论,2
达尔文,1
进化,1
变异,1
自然选择,1
李,8
冬青,7
奶奶,14
只身,1
劝降,1
高清,2
画面,2
清晰,2
流畅,2
17,1
狗娃,1
媳妇,1
肚里,1
卢芳生,1
特战,1
精通,1
特种,1
战术,1
狙击步枪,1
擒拿格斗,1
阴险,1
狡诈,1
心狠手辣,1
不择手段,1
老舅,18
舅公,1
表哥,2
表嫂,1
表舅妈,1
大舅,6
大舅妈,6
小舅,6
小舅妈,6
舅舅,6
舅爷,4
舅奶,2
叔叔,3
婶婶,3
舅妈,6
妗,1
姊,1
妗子,1
姐妹,1
老公,1
姐夫,1
妹夫,1
丹麦,3
哥本哈根,3
铜像,1
雕像,2
取材于,1
1913,1
埃里克森,1
之手,1
inc,1
年底,1
美国硅谷,3
创建者,1
成功经验,1
彦,1
宏,1
全资,1
子公司,1
公司简介,1
携,1
120,1
万美元,1
风险投资,1
定,1
并愿,1
为此,2
努力奋斗,1
Nasdaq,1
BIDU,1
一岁一枯,7
荣上,4
一句,7
离离,4
原上,4
荣,3
野火烧不尽,2
春风吹又生,2
远芳侵,1
古道,1
晴翠接,1
荒城,1
王孙,1
萋,2
别情,1
二句,1
全文如下,1
119,5
消防,4
1229756,1
宣传日,1
报警,1
草药,2
书里,1
走南闯北,1
拜访,1
当地人,1
编辑整理,1
撰写,1
啦,1
医药学家,1
1518,1
1593,1
医书,1
而编,1
毕生精力,1
广收,1
博采,1
全面,1
整理,1
心血,1
五十二卷,1
撰,1
刊于,1
1590,1
红楼梦,26
撕,29
扇子,29
取乐,20
贾宝玉,28
丫鬟,25
晴雯,16
这么,1
宝玉,4
摔坏,1
气言要,1
撵,1
出去,1
誓死,1
抗争,1
哄,1
一笑,3
故意,1
金陵,1
十二钗,1
册,1
之首,1
房里,1
x09,1
一大批,1
心比天高,1
身为,1
下贱,1
当着,1
撑,1
病体,1
裘,1
简要,1
性格特征,1
细节,2
见下文,1
祝您,1
好运,1
第三十一回,3
千金一笑,2
麒麟,1
伏白首,1
双星,1
袭,1
吐,1
鲜血,1
冷,1
半截,1
想着,1
听人,1
吐血,1
不保,1
纵然,1
命长,1
终,1
废人,1
服侍,3
风流,2
灵巧,2
水蛇腰,2
削,2
肩膀,2
眉眼,2
林黛玉,3
黛影,2
不顾,1
他人,1
尽由,1
事后,1
做何,1
何种,1
理会,1
麝,1
品茶,1
栊,1
翠,1
庵,1
刘姥姥,1
醉卧,1
怡红院,1
回蘅芜,1
君,1
兰言解,1
疑癖,1
潇湘,1
子雅谑,1
补馀香,1
43,1
回闲,1
偶攒,1
金庆寿,1
不了情,1
暂,1
撮土,1
44,1
变生不测,1
凤姐,1
泼,1
醋,1
喜出望外,1
平儿理,1
妆,1
金兰契,1
互剖,1
金兰语,1
夕闷制,1
第五回,1
轻描淡写,1
出场,1
秦可卿,1
卧室,1
睡觉,1
四位,1
作干金,2
逗,2
生气,1
每逢,1
读,2
描叙,1
不由得,1
叛逆,5
骨气,1
重新,1
萌生,1
敬意,1
撕扇,1
一节,1
毋庸置疑,1
曹雪芹,1
细腻,1
刻画,1
天真,1
幼稚,1
张扬,1
性格特点,1
颇具,1
三人,1
蔑视,1
宗法,1
科举考试,1
黛玉,1
敢于,1
勇于,1
作对,1
不以,1
奴才,1
卑躬屈膝,1
颜求荣,1
任凭,1
一大堆,1
名扇,1
痛痛快快,1
撕尽,1
鲲鹏展翅,2
九万里,2
六十年代,1
老大哥,1
翻脸,1
弄,1
念奴娇,1
鸟儿,1
大鹏鸟,1
自许,1
阙,1
翻动,1
扶摇,1
羊角,1
背负,1
青天,1
朝下,1
人间,1
城郭,1
丁香,16
生产国,8
剑麻,7
坦桑尼亚,7
该国,3
80%,3
出口国,3
陆疆,1
肯尼亚,1
乌干达,1
卢旺达,1
布隆迪,1
扎伊尔,1
马拉维,1
莫桑比克,1
雅称,1
富饶,1
自然资源,1
裂谷,2
希雷,1
祖孙,8
孙女,6
爷爷奶奶,2
外公,1
外婆,1
犹其,1
掌上,1
宝,1
祖父母,1
爷爷,3
姥爷,1
姥姥,1
外孙,1
警察,9
锅哥,9
蒋迪佳,12
仓央体,1
欢迎您,1
记住,1
WWW,1
CangYangTi,1
Com,1
蒲星宇,4
原文,1
cangyangti,1
bagua,1
147124,1
蒋家,1
千金小姐,1
高冷,1
做事,1
高调,1
服输,1
尽管,1
简凡,1
打开,1
心扉,1
迎来,1
硬件,2
计算机硬件,1
输入,1
鼠标,1
手写笔,1
话筒,1
扫描仪,1
摄像,1
光敏,1
阅读器,1
传感器,1
输出设备,2
打印机,1
绘图仪,1
传导,1
电脑硬件,1
windows98,1
建元,6
第六位,2
汉武帝,3
刘彻,3
六年,2
即位,1
十六,1
汉昭,1
武帝,1
刘聪,1
共计,1
十一月,1
改元,1
麟,1
元年,1
题材,1
附捐,1
东道国,1
邮协,1
萨,1
科拉,1
弗斯,1
率先,1
出票,1
开山,1
此票,2
斯科特,2
首届,1
贴票,1
标价,1
无心,9
法师,7
张显宗,9
张若昀,4
组图,1
搜狐,1
精彩,1
掌握,1
排行榜,1
同月,1
参演,1
玄幻,1
青春校园,1
爆炸,1
电影版,1
黄剑,1
青丘狐,1
书生,1
韩,1
东君,1
他演,1
月牙,1
金晨,1
绮罗,2
陈瑶,1
死,1
魂飞魄散,1
尸骨,1
无存,1
1988,1
钱学森,6
1911.12,3
2009.10,3
杭州市,1
动力学,1
中国航天,1
奠基人,2
导弹,1
杭州人,1
优秀党员,1
忠诚,1
享誉,1
海内外,1
航天事业,1
两弹一星,2
功勋,2
奖章,2
获得者,1
火箭专家,1
院校,1
加州理工学院,1
海是,20
珊瑚,15
海斯,2
曼海,2
邻接,2
东缘,2
不列颠,2
伊里安,2
所罗门群岛,2
布里,2
底,2
包围,2
西缘,2
紧靠,2
479,3
南太平洋,1
9174,1
斯科舍,1
3400,1
马里亚纳,1
海沟,1
海并,1
平底,1
9140,2
coralsea,1
水体,1
海在,1
广阔无垠,1
地球表面,1
70%,2
地表,1
覆盖,1
大海,1
广达,2
海洋,1
山峰,1
最佳答案,1
喜马拉雅山,1
珠穆朗玛峰,2
测量,1
峰顶,1
岩石,1
面,1
高程,1
8844.43,1
要数,1
海为,1
其次,1
再次,1
